Keyword,Intents,Volume,Keyword Difficulty,CPC,Competition Density,brickscapeslandscaping.com,maccollandstokeslandscaping.co.uk,brickscapeslandscaping.com (pages),maccollandstokeslandscaping.co.uk (pages),Results
landscaping,Informational,12100,66,2.24,0.32,0,48,,https://www.maccollandstokeslandscaping.co.uk/,664000000
small garden ideas,Informational,9900,36,0.44,1.00,0,20,,https://www.maccollandstokeslandscaping.co.uk/post/small-garden-design-ideas,202
outdoor kitchen ideas,Informational,5400,24,0.58,1.00,0,6,,https://www.maccollandstokeslandscaping.co.uk/post/outdoor-kitchen-ideas-for-uk-gardens,197
landscapes,Transactional,4400,50,1.83,0.08,0,49,,https://www.maccollandstokeslandscaping.co.uk/,147
garden bars,Informational,3600,26,0.58,1.00,0,7,,https://www.maccollandstokeslandscaping.co.uk/post/garden-bar-ideas-designs-that-work,197
patios,Informational,2900,31,1.62,1.00,0,24,,https://www.maccollandstokeslandscaping.co.uk/paving-patios,203
small garden design,Informational,2900,21,0.60,1.00,0,9,,https://www.maccollandstokeslandscaping.co.uk/post/small-garden-design-ideas,190
driveway suggestions,Informational,1900,18,1.13,1.00,0,3,,https://www.maccollandstokeslandscaping.co.uk/post/what-the-best-driveway-ideas-have-in-common,202
garden bar ideas,Informational,1900,18,0.64,1.00,0,4,,https://www.maccollandstokeslandscaping.co.uk/post/garden-bar-ideas-designs-that-work,191
small garden designs,Informational,1600,31,0.60,1.00,0,14,,https://www.maccollandstokeslandscaping.co.uk/post/small-garden-design-ideas,198
front garden ideas uk,Informational,1300,23,0.56,0.66,0,5,,https://www.maccollandstokeslandscaping.co.uk/post/front-garden-ideas,194
garden fire features,"Informational, Transactional",1300,17,0.30,1.00,0,7,,https://www.maccollandstokeslandscaping.co.uk/post/fire-pit-ideas-for-your-garden,207
garden privacy ideas,Informational,1300,16,0.25,1.00,0,4,,https://www.maccollandstokeslandscaping.co.uk/post/garden-privacy-ideas-for-overlooked-properties,203
how to level a garden,Informational,1300,16,0.60,0.56,0,14,,https://www.maccollandstokeslandscaping.co.uk/post/how-to-level-a-sloped-garden,108
ideas for screening in garden,Informational,1300,22,0.21,1.00,0,12,,https://www.maccollandstokeslandscaping.co.uk/post/garden-privacy-ideas-for-overlooked-properties,200
little gardens ideas,Informational,1300,32,0.44,1.00,0,17,,https://www.maccollandstokeslandscaping.co.uk/post/small-garden-design-ideas,203
resin driveway price,Informational,1300,9,1.63,0.76,0,4,,https://www.maccollandstokeslandscaping.co.uk/post/resin-driveway-cost-uk-2026-real-prices-from-a-scottish-installer,184
sloped garden ideas,Informational,1300,14,0.46,0.38,0,11,,https://www.maccollandstokeslandscaping.co.uk/post/sloped-garden-design-ideas-that-actually-work,196
small garden ideas uk,Informational,1300,40,0.59,1.00,0,24,,https://www.maccollandstokeslandscaping.co.uk/post/small-garden-design-ideas,195
designing small gardens ideas,Informational,1000,40,0.47,1.00,0,7,,https://www.maccollandstokeslandscaping.co.uk/post/small-garden-design-ideas,203
driveway ideas uk,Informational,1000,20,0.93,1.00,0,5,,https://www.maccollandstokeslandscaping.co.uk/post/what-the-best-driveway-ideas-have-in-common,202
garden kitchen ideas,Informational,1000,24,0.59,1.00,0,3,,https://www.maccollandstokeslandscaping.co.uk/post/outdoor-kitchen-ideas-for-uk-gardens,189
garden walls,Informational,1000,28,0.80,1.00,0,9,,https://www.maccollandstokeslandscaping.co.uk/post/the-garden-wall-ideas-that-still-look-right-in-twenty-years,192
ideas for a small garden design,Informational,1000,34,0.47,1.00,0,10,,https://www.maccollandstokeslandscaping.co.uk/post/small-garden-design-ideas,191
ideas for small gardens,Informational,1000,29,0.48,1.00,0,10,,https://www.maccollandstokeslandscaping.co.uk/post/small-garden-design-ideas,192
ideas for the front garden,Informational,1000,27,0.51,1.00,0,5,,https://www.maccollandstokeslandscaping.co.uk/post/front-garden-ideas,201
resin driveways cost,Informational,1000,28,1.56,0.78,0,4,,https://www.maccollandstokeslandscaping.co.uk/post/resin-driveway-cost-uk-2026-real-prices-from-a-scottish-installer,182
screening ideas garden,Informational,1000,27,0.21,1.00,0,37,,https://www.maccollandstokeslandscaping.co.uk/post/garden-privacy-ideas-for-overlooked-properties,202
small contemporary garden ideas,Informational,1000,17,0.61,1.00,0,45,,https://www.maccollandstokeslandscaping.co.uk/post/small-garden-design-ideas,195
small modern garden ideas,Informational,1000,23,0.66,1.00,0,34,,https://www.maccollandstokeslandscaping.co.uk/post/small-garden-design-ideas,198
design a small garden,Informational,880,35,0.63,1.00,0,15,,https://www.maccollandstokeslandscaping.co.uk/post/small-garden-design-ideas,200
garden ideas small gardens,Informational,880,25,0.48,1.00,0,7,,https://www.maccollandstokeslandscaping.co.uk/post/small-garden-design-ideas,191
garden rooms glasgow,Commercial,880,11,1.23,0.90,0,15,,https://www.maccollandstokeslandscaping.co.uk/garden-rooms,174
garden small garden,Informational,880,27,0.65,1.00,0,34,,https://www.maccollandstokeslandscaping.co.uk/post/small-garden-design-ideas,187
patio cost,Informational,880,15,1.35,0.94,0,34,,https://www.maccollandstokeslandscaping.co.uk/post/how-much-does-a-patio-cost,164
peacock turfscape,Navigational,880,22,0.13,0.15,0,33,,https://www.maccollandstokeslandscaping.co.uk/,125
small garden,Informational,880,13,0.80,1.00,0,19,,https://www.maccollandstokeslandscaping.co.uk/post/small-garden-design-ideas,201
small garden ideas photos,Informational,880,31,0.50,0.60,0,30,,https://www.maccollandstokeslandscaping.co.uk/post/small-garden-design-ideas,191
small gardens ideas,Informational,880,28,0.48,1.00,0,10,,https://www.maccollandstokeslandscaping.co.uk/post/small-garden-design-ideas,195
fire pit suggestions,Informational,720,50,0.34,1.00,0,11,,https://www.maccollandstokeslandscaping.co.uk/post/fire-pit-ideas-for-your-garden,190
front garden designs,Informational,720,34,0.73,0.95,0,7,,https://www.maccollandstokeslandscaping.co.uk/post/front-garden-ideas,204
garden design for small gardens,Informational,720,37,0.56,1.00,0,16,,https://www.maccollandstokeslandscaping.co.uk/post/small-garden-design-ideas,196
garden ideas for small gardens,Informational,720,27,0.48,1.00,0,27,,https://www.maccollandstokeslandscaping.co.uk/post/small-garden-design-ideas,190
garden privacy,Informational,720,18,0.23,1.00,0,5,,https://www.maccollandstokeslandscaping.co.uk/post/garden-privacy-ideas-for-overlooked-properties,205
ideas for front gardens,Informational,720,21,0.47,0.99,0,5,,https://www.maccollandstokeslandscaping.co.uk/post/front-garden-ideas,208
ideas for sloped gardens,Informational,720,13,0.39,0.64,0,6,,https://www.maccollandstokeslandscaping.co.uk/post/sloped-garden-design-ideas-that-actually-work,198
landscape garden ideas for small gardens,Informational,720,34,0.81,1.00,0,16,,https://www.maccollandstokeslandscaping.co.uk/post/small-garden-design-ideas,197
little garden designs,Informational,720,34,0.63,1.00,0,15,,https://www.maccollandstokeslandscaping.co.uk/post/small-garden-design-ideas,199
low maintenance garden,Informational,720,24,0.98,0.86,0,12,,https://www.maccollandstokeslandscaping.co.uk/post/low-maintenance-garden-ideas,194
outdoor bar ideas,Informational,720,23,2.26,1.00,0,4,,https://www.maccollandstokeslandscaping.co.uk/post/garden-bar-ideas-designs-that-work,239000000
pergola east kilbride,Informational,720,30,1.90,0.12,0,49,,https://www.maccollandstokeslandscaping.co.uk/pergolas,187
screening garden ideas,Informational,720,28,0.22,1.00,0,11,,https://www.maccollandstokeslandscaping.co.uk/post/garden-privacy-ideas-for-overlooked-properties,200
small garden landscaping ideas,Informational,720,28,0.76,1.00,0,6,,https://www.maccollandstokeslandscaping.co.uk/post/small-garden-design-ideas,193
small garden planning design,Informational,720,33,0.60,1.00,0,26,,https://www.maccollandstokeslandscaping.co.uk/post/small-garden-design-ideas,128
tiny garden design ideas,Informational,720,22,0.47,1.00,0,13,,https://www.maccollandstokeslandscaping.co.uk/post/small-garden-design-ideas,127
very small garden ideas,Informational,720,42,0.35,0.87,0,45,,https://www.maccollandstokeslandscaping.co.uk/post/small-garden-design-ideas,194
composite decking glasgow,Commercial,590,11,1.21,0.93,0,19,,https://www.maccollandstokeslandscaping.co.uk/composite-timber-decking,168
design ideas for a small garden,Informational,590,32,0.46,1.00,0,12,,https://www.maccollandstokeslandscaping.co.uk/post/small-garden-design-ideas,203
garden design ideas for a small garden,Informational,590,26,0.46,1.00,0,6,,https://www.maccollandstokeslandscaping.co.uk/post/small-garden-design-ideas,198
garden design small garden,Informational,590,21,0.60,1.00,0,14,,https://www.maccollandstokeslandscaping.co.uk/post/small-garden-design-ideas,195
garden level,Informational,590,22,0.99,1.00,0,43,,https://www.maccollandstokeslandscaping.co.uk/post/how-to-level-a-sloped-garden,200
hilly garden ideas,Informational,590,10,0.40,0.25,0,9,,https://www.maccollandstokeslandscaping.co.uk/post/sloped-garden-design-ideas-that-actually-work,198
ideas for designing a small garden,Informational,590,35,0.47,1.00,0,10,,https://www.maccollandstokeslandscaping.co.uk/post/small-garden-design-ideas,49
large garden ideas,Informational,590,31,0.51,1.00,0,1,,https://www.maccollandstokeslandscaping.co.uk/post/large-garden-design-ideas-for-scottish-homes,203
outdoor kitchen ideas uk,Informational,590,20,0.67,1.00,0,6,,https://www.maccollandstokeslandscaping.co.uk/post/outdoor-kitchen-ideas-for-uk-gardens,189
outdoor living spaces,Informational,590,34,1.14,1.00,0,6,,https://www.maccollandstokeslandscaping.co.uk/post/outdoor-living-space-ideas,193
simple garden design ideas,Informational,590,30,0.63,1.00,0,28,,https://www.maccollandstokeslandscaping.co.uk/post/small-garden-design-ideas,133
small gardens,Informational,590,13,0.80,1.00,0,10,,https://www.maccollandstokeslandscaping.co.uk/post/small-garden-design-ideas,191
tiny garden design,Informational,590,17,0.60,1.00,0,8,,https://www.maccollandstokeslandscaping.co.uk/post/small-garden-design-ideas,189
big garden ideas,Informational,480,31,0.52,1.00,0,3,,https://www.maccollandstokeslandscaping.co.uk/post/large-garden-design-ideas-for-scottish-homes,197
driveways glasgow,Commercial,480,16,2.45,0.45,0,7,,https://www.maccollandstokeslandscaping.co.uk/driveways,108
front garden landscaping ideas,Informational,480,22,0.62,1.00,0,5,,https://www.maccollandstokeslandscaping.co.uk/post/front-garden-ideas,134
front lawn ideas uk,Informational,480,28,0.46,0.91,0,6,,https://www.maccollandstokeslandscaping.co.uk/post/front-garden-ideas,200
garden designs for a small garden,Informational,480,28,0.63,1.00,0,11,,https://www.maccollandstokeslandscaping.co.uk/post/small-garden-design-ideas,201
garden ideas for small spaces,Informational,480,31,0.50,1.00,0,15,,https://www.maccollandstokeslandscaping.co.uk/post/small-garden-design-ideas,197
garden privacy screen ideas,Informational,480,24,0.21,1.00,0,9,,https://www.maccollandstokeslandscaping.co.uk/post/garden-privacy-ideas-for-overlooked-properties,201
low maintenance,Informational,480,15,0.00,0.33,0,26,,https://www.maccollandstokeslandscaping.co.uk/post/low-maintenance-garden-ideas,139
low maintenance gardening,Informational,480,17,0.67,0.94,0,15,,https://www.maccollandstokeslandscaping.co.uk/post/low-maintenance-garden-ideas,199
scottish garden shed regulations,Informational,480,9,0.00,0.00,0,25,,https://www.maccollandstokeslandscaping.co.uk/post/garden-room-planning-permission-what-you-need-to-know-before-you-build,125
simple front garden ideas,Informational,480,24,0.96,0.81,0,4,,https://www.maccollandstokeslandscaping.co.uk/post/front-garden-ideas,127
small garden inspiration,Informational,480,21,0.34,0.99,0,18,,https://www.maccollandstokeslandscaping.co.uk/post/small-garden-design-ideas,186
small gardens design ideas,Informational,480,34,0.47,1.00,0,6,,https://www.maccollandstokeslandscaping.co.uk/post/small-garden-design-ideas,201
tiny garden ideas uk,Informational,480,21,0.44,1.00,0,26,,https://www.maccollandstokeslandscaping.co.uk/post/small-garden-design-ideas,187
tool hire glasgow,Commercial,480,16,0.25,0.42,0,37,,https://www.maccollandstokeslandscaping.co.uk/plant-hire,112
best driveway material,Commercial,390,5,0.98,0.99,0,7,,https://www.maccollandstokeslandscaping.co.uk/post/what-the-best-driveway-ideas-have-in-common,198
cheap low maintenance garden,Informational,390,25,0.00,1.00,0,30,,https://www.maccollandstokeslandscaping.co.uk/post/low-maintenance-garden-ideas,189
design garden small,Informational,390,12,0.00,0.33,0,9,,https://www.maccollandstokeslandscaping.co.uk/post/small-garden-design-ideas,200
design ideas for small gardens,Informational,390,28,0.46,1.00,0,10,,https://www.maccollandstokeslandscaping.co.uk/post/small-garden-design-ideas,199
designs for small gardens,Informational,390,41,0.60,1.00,0,17,,https://www.maccollandstokeslandscaping.co.uk/post/small-garden-design-ideas,96
driveway materials,Commercial,390,20,1.01,1.00,0,5,,https://www.maccollandstokeslandscaping.co.uk/post/what-the-best-driveway-ideas-have-in-common,194
driveway surfacing,Commercial,390,20,2.11,0.66,0,5,,https://www.maccollandstokeslandscaping.co.uk/post/what-the-best-driveway-ideas-have-in-common,206
fire pit in garden,Informational,390,24,0.30,1.00,0,30,,https://www.maccollandstokeslandscaping.co.uk/post/fire-pit-ideas-for-your-garden,197
garden ideas for small gardens uk,Informational,390,23,0.59,1.00,0,28,,https://www.maccollandstokeslandscaping.co.uk/post/small-garden-design-ideas,198
garden room bar ideas,Informational,390,12,3.79,1.00,0,4,,https://www.maccollandstokeslandscaping.co.uk/post/garden-bar-ideas-designs-that-work,194
how much does resin driveways cost,Informational,390,12,1.15,0.48,0,4,,https://www.maccollandstokeslandscaping.co.uk/post/resin-driveway-cost-uk-2026-real-prices-from-a-scottish-installer,184
landscaping glasgow,Commercial,390,45,2.01,0.59,0,2,,https://www.maccollandstokeslandscaping.co.uk/,110
large garden design ideas,Informational,390,27,0.60,0.68,0,1,,https://www.maccollandstokeslandscaping.co.uk/post/large-garden-design-ideas-for-scottish-homes,198
low maintenance front garden ideas uk,Informational,390,25,0.38,0.79,0,8,,https://www.maccollandstokeslandscaping.co.uk/post/front-garden-ideas,132
low maintenance gardens,Informational,390,17,0.98,0.86,0,12,,https://www.maccollandstokeslandscaping.co.uk/post/low-maintenance-garden-ideas,134
small garden designs ideas,Informational,390,15,0.47,1.00,0,10,,https://www.maccollandstokeslandscaping.co.uk/post/small-garden-design-ideas,195
small space garden ideas,Informational,390,46,0.44,1.00,0,33,,https://www.maccollandstokeslandscaping.co.uk/post/small-garden-design-ideas,204
uk front garden ideas,Informational,390,21,0.46,0.91,0,5,,https://www.maccollandstokeslandscaping.co.uk/post/front-garden-ideas,198
water features near me,Transactional,390,18,0.35,1.00,0,50,,https://www.maccollandstokeslandscaping.co.uk/water-features,209
bar ideas for outdoor,Informational,320,22,2.26,1.00,0,3,,https://www.maccollandstokeslandscaping.co.uk/post/garden-bar-ideas-designs-that-work,194
bar ideas for outside,Informational,320,23,0.69,1.00,0,3,,https://www.maccollandstokeslandscaping.co.uk/post/garden-bar-ideas-designs-that-work,195
bar in the garden,Commercial,320,30,1.60,1.00,0,10,,https://www.maccollandstokeslandscaping.co.uk/post/garden-bar-ideas-designs-that-work,200
basic front garden ideas,Informational,320,30,0.96,0.81,0,8,,https://www.maccollandstokeslandscaping.co.uk/post/front-garden-ideas,204
continental landscapes,Navigational,320,18,1.95,0.05,0,46,,https://www.maccollandstokeslandscaping.co.uk/,107
cost of resin driveways,Informational,320,10,1.63,0.76,0,4,,https://www.maccollandstokeslandscaping.co.uk/post/resin-driveway-cost-uk-2026-real-prices-from-a-scottish-installer,114
design for small front garden,Informational,320,19,0.51,0.81,0,11,,https://www.maccollandstokeslandscaping.co.uk/post/front-garden-ideas,208
design for small gardens,Informational,320,28,0.63,1.00,0,6,,https://www.maccollandstokeslandscaping.co.uk/post/small-garden-design-ideas,197
designs for small garden,Informational,320,21,0.63,1.00,0,10,,https://www.maccollandstokeslandscaping.co.uk/post/small-garden-design-ideas,201
front gardens ideas,Informational,320,22,0.53,0.94,0,5,,https://www.maccollandstokeslandscaping.co.uk/post/front-garden-ideas,192
garden plan for small garden,Informational,320,-1,0.63,1.00,0,16,,https://www.maccollandstokeslandscaping.co.uk/post/small-garden-design-ideas,200
gardening design small gardens,Informational,320,32,0.63,1.00,0,9,,https://www.maccollandstokeslandscaping.co.uk/post/small-garden-design-ideas,200
ideas for a sloping garden,Informational,320,10,0.39,0.64,0,7,,https://www.maccollandstokeslandscaping.co.uk/post/sloped-garden-design-ideas-that-actually-work,194
ideas for an outside bar,Informational,320,12,0.59,1.00,0,5,,https://www.maccollandstokeslandscaping.co.uk/post/garden-bar-ideas-designs-that-work,193
ideas for front garden,Informational,320,22,0.47,0.99,0,5,,https://www.maccollandstokeslandscaping.co.uk/post/front-garden-ideas,204
ideas for small space gardens,Informational,320,30,0.50,1.00,0,43,,https://www.maccollandstokeslandscaping.co.uk/post/small-garden-design-ideas,194
land scaping,Commercial,320,60,1.69,0.10,0,36,,https://www.maccollandstokeslandscaping.co.uk/,374000000
landscape gardeners glasgow,Commercial,320,28,1.57,0.56,0,4,,https://www.maccollandstokeslandscaping.co.uk/,109
living spaces outdoor,Commercial,320,34,1.14,1.00,0,5,,https://www.maccollandstokeslandscaping.co.uk/post/outdoor-living-space-ideas,159
low cost low maintenance garden,Informational,320,18,0.85,1.00,0,17,,https://www.maccollandstokeslandscaping.co.uk/post/low-maintenance-garden-ideas,133
monoblock driveway glasgow,Commercial,320,6,2.13,0.34,0,8,,https://www.maccollandstokeslandscaping.co.uk/driveways,165
outdoor living space,"Commercial, Informational",320,27,1.14,1.00,0,5,,https://www.maccollandstokeslandscaping.co.uk/post/outdoor-living-space-ideas,199
resin bound gravel cost per m2,Informational,320,10,1.14,1.00,0,9,,https://www.maccollandstokeslandscaping.co.uk/post/resin-driveway-cost-uk-2026-real-prices-from-a-scottish-installer,181
resin driveways prices,Commercial,320,11,1.56,0.78,0,4,,https://www.maccollandstokeslandscaping.co.uk/post/resin-driveway-cost-uk-2026-real-prices-from-a-scottish-installer,176
scotland landscaping,Commercial,320,19,0.00,0.01,0,6,,https://www.maccollandstokeslandscaping.co.uk/,127
sloped garden,Informational,320,15,0.74,0.23,0,8,,https://www.maccollandstokeslandscaping.co.uk/post/sloped-garden-design-ideas-that-actually-work,193
small garden design ideas uk,Informational,320,22,0.46,1.00,0,8,,https://www.maccollandstokeslandscaping.co.uk/post/small-garden-design-ideas,134
small garden designs uk,Informational,320,23,0.61,0.87,0,19,,https://www.maccollandstokeslandscaping.co.uk/post/small-garden-design-ideas,192
small garden landscaping,Transactional,320,23,0.87,1.00,0,16,,https://www.maccollandstokeslandscaping.co.uk/post/small-garden-design-ideas,194
small garden planting ideas,Informational,320,15,0.55,1.00,0,20,,https://www.maccollandstokeslandscaping.co.uk/post/small-garden-design-ideas,194
spaces outdoor living,Informational,320,31,1.14,1.00,0,4,,https://www.maccollandstokeslandscaping.co.uk/post/outdoor-living-space-ideas,169
bars in gardens ideas,Informational,260,8,2.25,1.00,0,3,,https://www.maccollandstokeslandscaping.co.uk/post/garden-bar-ideas-designs-that-work,195
commercial landscaping contractors,Commercial,260,15,4.07,0.17,0,21,,https://www.maccollandstokeslandscaping.co.uk/,124
decking glasgow,Commercial,260,8,1.37,0.91,0,22,,https://www.maccollandstokeslandscaping.co.uk/composite-timber-decking,159
driveway driveway,Commercial,260,19,1.99,0.15,0,6,,https://www.maccollandstokeslandscaping.co.uk/post/what-the-best-driveway-ideas-have-in-common,204
driveway resin cost,Informational,260,9,1.53,0.71,0,5,,https://www.maccollandstokeslandscaping.co.uk/post/resin-driveway-cost-uk-2026-real-prices-from-a-scottish-installer,184
driveway surfaces,Informational,260,16,1.29,1.00,0,6,,https://www.maccollandstokeslandscaping.co.uk/post/what-the-best-driveway-ideas-have-in-common,15900000
driveway types,Informational,260,13,0.97,0.34,0,12,,https://www.maccollandstokeslandscaping.co.uk/post/what-the-best-driveway-ideas-have-in-common,134
garden bar ideas on a budget,Informational,260,7,0.29,1.00,0,6,,https://www.maccollandstokeslandscaping.co.uk/post/garden-bar-ideas-designs-that-work,190
garden firepit ideas,Informational,260,27,0.33,1.00,0,2,,https://www.maccollandstokeslandscaping.co.uk/post/fire-pit-ideas-for-your-garden,189
garden ideas fire pit,Informational,260,22,0.33,1.00,0,2,,https://www.maccollandstokeslandscaping.co.uk/post/fire-pit-ideas-for-your-garden,184
garden ideas for large gardens,Informational,260,28,0.51,1.00,0,3,,https://www.maccollandstokeslandscaping.co.uk/post/large-garden-design-ideas-for-scottish-homes,204
garden ideas for sloping gardens,Informational,260,9,0.46,0.38,0,3,,https://www.maccollandstokeslandscaping.co.uk/post/sloped-garden-design-ideas-that-actually-work,200
garden pub ideas,Informational,260,14,1.21,1.00,0,3,,https://www.maccollandstokeslandscaping.co.uk/post/garden-bar-ideas-designs-that-work,199
garden room glasgow,Commercial,260,22,1.23,0.90,0,18,,https://www.maccollandstokeslandscaping.co.uk/garden-rooms,168
gardening glasgow,Commercial,260,16,1.44,0.42,0,18,,https://www.maccollandstokeslandscaping.co.uk/,111
gardening on a slope,Informational,260,14,0.68,0.11,0,24,,https://www.maccollandstokeslandscaping.co.uk/post/sloped-garden-design-ideas-that-actually-work,119
how much are resin driveways,Informational,260,8,1.12,0.56,0,5,,https://www.maccollandstokeslandscaping.co.uk/post/resin-driveway-cost-uk-2026-real-prices-from-a-scottish-installer,628
ideas for outdoor bars,Informational,260,24,2.26,1.00,0,3,,https://www.maccollandstokeslandscaping.co.uk/post/garden-bar-ideas-designs-that-work,193
ideas for small gardens on a slope,Informational,260,18,0.42,0.29,0,21,,https://www.maccollandstokeslandscaping.co.uk/post/sloped-garden-design-ideas-that-actually-work,199
ideas for small gardens uk,Informational,260,33,0.44,1.00,0,6,,https://www.maccollandstokeslandscaping.co.uk/post/small-garden-design-ideas,191
kitchen with garden,Informational,260,16,0.83,0.31,0,8,,https://www.maccollandstokeslandscaping.co.uk/post/outdoor-kitchen-ideas-for-uk-gardens,196
ladscaping,Transactional,260,60,2.24,0.32,0,34,,https://www.maccollandstokeslandscaping.co.uk/,320000000
landscapers glasgow,Commercial,260,32,2.01,0.59,0,2,,https://www.maccollandstokeslandscaping.co.uk/,110
landscaping ideas for front of home,Informational,260,44,0.64,1.00,0,41,,https://www.maccollandstokeslandscaping.co.uk/post/front-garden-ideas,201
large garden,Informational,260,21,0.00,0.34,0,5,,https://www.maccollandstokeslandscaping.co.uk/post/large-garden-design-ideas-for-scottish-homes,185
large garden design,Informational,260,18,0.77,0.68,0,1,,https://www.maccollandstokeslandscaping.co.uk/post/large-garden-design-ideas-for-scottish-homes,83
large garden ideas and designs,Informational,260,28,0.60,0.97,0,2,,https://www.maccollandstokeslandscaping.co.uk/post/large-garden-design-ideas-for-scottish-homes,211
level a garden slope,Informational,260,14,2.04,0.03,0,9,,https://www.maccollandstokeslandscaping.co.uk/post/how-to-level-a-sloped-garden,182
level garden,Informational,260,22,0.99,1.00,0,31,,https://www.maccollandstokeslandscaping.co.uk/post/how-to-level-a-sloped-garden,193
living outdoor space,Commercial,260,28,1.14,1.00,0,5,,https://www.maccollandstokeslandscaping.co.uk/post/outdoor-living-space-ideas,185
m3 landscapes,"Informational, Transactional",260,28,0.00,0.02,0,27,,https://www.maccollandstokeslandscaping.co.uk/,110
outdoor spaces,Commercial,260,45,1.20,1.00,0,3,,https://www.maccollandstokeslandscaping.co.uk/post/outdoor-living-space-ideas,200
overlooked garden screening ideas,Informational,260,16,0.00,1.00,0,3,,https://www.maccollandstokeslandscaping.co.uk/post/garden-privacy-ideas-for-overlooked-properties,195
plant hire scotland,Commercial,260,16,1.29,0.17,0,78,,https://www.maccollandstokeslandscaping.co.uk/plant-hire,113
scofell landscapes,Navigational,260,21,1.00,0.04,0,33,,https://www.maccollandstokeslandscaping.co.uk/,107
sloping garden design,Informational,260,11,0.58,0.35,0,9,,https://www.maccollandstokeslandscaping.co.uk/post/sloped-garden-design-ideas-that-actually-work,132
small garden landscape ideas,Informational,260,33,0.76,1.00,0,7,,https://www.maccollandstokeslandscaping.co.uk/post/small-garden-design-ideas,157000000
small gargen ideas,Informational,260,32,0.48,1.00,0,12,,https://www.maccollandstokeslandscaping.co.uk/post/small-garden-design-ideas,190
stone driveways,Informational,260,21,0.00,0.33,0,15,,https://www.maccollandstokeslandscaping.co.uk/driveways,138
tiny garden designs,Informational,260,13,0.63,1.00,0,10,,https://www.maccollandstokeslandscaping.co.uk/post/small-garden-design-ideas,195
types of driveways,Informational,260,12,0.97,0.34,0,24,,https://www.maccollandstokeslandscaping.co.uk/post/what-the-best-driveway-ideas-have-in-common,130
bar in garden ideas,Informational,210,13,2.25,1.00,0,2,,https://www.maccollandstokeslandscaping.co.uk/post/garden-bar-ideas-designs-that-work,192
best way to level a garden,Informational,210,14,0.55,0.99,0,27,,https://www.maccollandstokeslandscaping.co.uk/post/how-to-level-a-sloped-garden,107
block neighbors overlooked garden screening ideas,Informational,210,6,0.00,0.22,0,4,,https://www.maccollandstokeslandscaping.co.uk/post/garden-privacy-ideas-for-overlooked-properties,196
boggy garden,Informational,210,22,1.06,0.39,0,4,,https://www.maccollandstokeslandscaping.co.uk/post/how-to-fix-a-waterlogged-garden,191
contemporary small garden ideas,Informational,210,22,0.61,1.00,0,29,,https://www.maccollandstokeslandscaping.co.uk/post/small-garden-design-ideas,196
driveway flooring,Informational,210,23,1.36,1.00,0,17,,https://www.maccollandstokeslandscaping.co.uk/post/what-the-best-driveway-ideas-have-in-common,85
driveway surface options,Informational,210,15,1.02,1.00,0,10,,https://www.maccollandstokeslandscaping.co.uk/post/what-the-best-driveway-ideas-have-in-common,201
flatten garden,Informational,210,16,1.38,0.30,0,20,,https://www.maccollandstokeslandscaping.co.uk/post/how-to-level-a-sloped-garden,194
front garden planning,Informational,210,42,0.41,1.00,0,12,,https://www.maccollandstokeslandscaping.co.uk/post/front-garden-ideas,135
garden bar ideas uk,Informational,210,16,1.81,1.00,0,3,,https://www.maccollandstokeslandscaping.co.uk/post/garden-bar-ideas-designs-that-work,197
garden design for large gardens,Informational,210,24,0.98,1.00,0,1,,https://www.maccollandstokeslandscaping.co.uk/post/large-garden-design-ideas-for-scottish-homes,207
garden design glasgow,Commercial,210,49,1.12,0.46,0,3,,https://www.maccollandstokeslandscaping.co.uk/,115
garden designs for small gardens uk,Informational,210,19,0.61,0.87,0,39,,https://www.maccollandstokeslandscaping.co.uk/post/small-garden-design-ideas,193
garden fire pits ideas,Informational,210,27,0.33,1.00,0,3,,https://www.maccollandstokeslandscaping.co.uk/post/fire-pit-ideas-for-your-garden,189
garden offices glasgow,Commercial,210,8,1.32,0.62,0,19,,https://www.maccollandstokeslandscaping.co.uk/garden-rooms,165
garden walling ideas,Informational,210,16,0.56,1.00,0,9,,https://www.maccollandstokeslandscaping.co.uk/post/the-garden-wall-ideas-that-still-look-right-in-twenty-years,189
gardeners glasgow,Commercial,210,19,1.32,0.57,0,21,,https://www.maccollandstokeslandscaping.co.uk/,107
how to level a garden slope,Informational,210,20,0.00,0.05,0,4,,https://www.maccollandstokeslandscaping.co.uk/post/how-to-level-a-sloped-garden,107
how to level out a garden,Informational,210,11,1.12,0.55,0,31,,https://www.maccollandstokeslandscaping.co.uk/post/how-to-level-a-sloped-garden,127
how to level sloped garden,Informational,210,15,0.00,0.05,0,7,,https://www.maccollandstokeslandscaping.co.uk/post/how-to-level-a-sloped-garden,106
ideas for a big garden,Informational,210,21,0.54,0.88,0,4,,https://www.maccollandstokeslandscaping.co.uk/post/large-garden-design-ideas-for-scottish-homes,191
ideas for an outdoor bar,Informational,210,16,0.69,1.00,0,3,,https://www.maccollandstokeslandscaping.co.uk/post/garden-bar-ideas-designs-that-work,198
ideas for large gardens,Informational,210,24,0.51,1.00,0,2,,https://www.maccollandstokeslandscaping.co.uk/post/large-garden-design-ideas-for-scottish-homes,201
ideas for outside bar,Informational,210,20,0.69,1.00,0,3,,https://www.maccollandstokeslandscaping.co.uk/post/garden-bar-ideas-designs-that-work,188
landscaping for small gardens,Informational,210,38,0.76,1.00,0,14,,https://www.maccollandstokeslandscaping.co.uk/post/small-garden-design-ideas,186
lanscaping,Informational,210,53,1.69,0.10,0,27,,https://www.maccollandstokeslandscaping.co.uk/,385000000
large patio ideas,Informational,210,25,1.09,1.00,0,18,,https://www.maccollandstokeslandscaping.co.uk/post/large-garden-design-ideas-for-scottish-homes,191
levelling a sloping garden,Informational,210,12,2.04,0.03,0,8,,https://www.maccollandstokeslandscaping.co.uk/post/how-to-level-a-sloped-garden,98
low maintainance garden,Informational,210,16,0.98,0.86,0,11,,https://www.maccollandstokeslandscaping.co.uk/post/low-maintenance-garden-ideas,198
macclandscapes,Navigational,210,37,1.42,0.12,0,21,,https://www.maccollandstokeslandscaping.co.uk/,107
new build front garden ideas uk,Informational,210,9,0.00,0.16,0,7,,https://www.maccollandstokeslandscaping.co.uk/post/front-garden-ideas,137
outside bar ideas,Informational,210,17,2.18,1.00,0,3,,https://www.maccollandstokeslandscaping.co.uk/post/garden-bar-ideas-designs-that-work,190
outside living,Commercial,210,26,1.96,0.49,0,5,,https://www.maccollandstokeslandscaping.co.uk/post/outdoor-living-space-ideas,192
plant hire glasgow,Commercial,210,9,0.80,0.33,0,5,,https://www.maccollandstokeslandscaping.co.uk/plant-hire,117
simple design garden,Informational,210,33,0.65,0.87,0,34,,https://www.maccollandstokeslandscaping.co.uk/post/small-garden-design-ideas,191
simple garden designs,Informational,210,32,0.65,0.87,0,43,,https://www.maccollandstokeslandscaping.co.uk/post/small-garden-design-ideas,192
small garden plans,Informational,210,24,0.48,0.99,0,14,,https://www.maccollandstokeslandscaping.co.uk/post/small-garden-design-ideas,194
small modern garden,Informational,210,22,0.74,1.00,0,36,,https://www.maccollandstokeslandscaping.co.uk/post/small-garden-design-ideas,192
upward sloping garden ideas,Informational,210,16,0.64,0.11,0,13,,https://www.maccollandstokeslandscaping.co.uk/post/sloped-garden-design-ideas-that-actually-work,129
waterlogged lawn,Informational,210,6,0.83,0.97,0,28,,https://www.maccollandstokeslandscaping.co.uk/post/how-to-fix-a-waterlogged-garden,197
artificial lawn glasgow,Commercial,170,13,1.01,0.90,0,14,,https://www.maccollandstokeslandscaping.co.uk/artilawn-artificial-grass,171
bespoke outdoor kitchens,Informational,170,16,2.11,0.98,0,8,,https://www.maccollandstokeslandscaping.co.uk/outdoor-kitchens,205
commercial landscapers,Commercial,170,8,4.24,0.22,0,15,,https://www.maccollandstokeslandscaping.co.uk/,126
cost of concrete driveway,"Commercial, Informational",170,9,1.46,0.56,0,62,,https://www.maccollandstokeslandscaping.co.uk/post/resin-driveway-cost-uk-2026-real-prices-from-a-scottish-installer,108
downhill sloped garden design,Informational,170,14,0.00,0.01,0,7,,https://www.maccollandstokeslandscaping.co.uk/post/sloped-garden-design-ideas-that-actually-work,136
driveway glasgow,Commercial,170,13,2.45,0.45,0,11,,https://www.maccollandstokeslandscaping.co.uk/driveways,110
driveway surfaces options,Informational,170,15,1.09,1.00,0,7,,https://www.maccollandstokeslandscaping.co.uk/post/what-the-best-driveway-ideas-have-in-common,200
easy maintenance garden ideas,Informational,170,21,0.42,1.00,0,23,,https://www.maccollandstokeslandscaping.co.uk/post/low-maintenance-garden-ideas,131
fire pit ideas garden,Informational,170,22,0.33,1.00,0,3,,https://www.maccollandstokeslandscaping.co.uk/post/fire-pit-ideas-for-your-garden,180
front garden privacy ideas,Informational,170,19,0.00,1.00,0,5,,https://www.maccollandstokeslandscaping.co.uk/post/garden-privacy-ideas-for-overlooked-properties,201
garden design for small gardens uk,Informational,170,20,0.54,0.92,0,15,,https://www.maccollandstokeslandscaping.co.uk/post/small-garden-design-ideas,197
garden flooding,Informational,170,18,0.93,0.42,0,69,,https://www.maccollandstokeslandscaping.co.uk/post/how-to-fix-a-waterlogged-garden,156
garden on a slope,Informational,170,19,0.68,0.11,0,15,,https://www.maccollandstokeslandscaping.co.uk/post/sloped-garden-design-ideas-that-actually-work,127
garden slope ideas,Informational,170,14,0.39,0.64,0,9,,https://www.maccollandstokeslandscaping.co.uk/post/sloped-garden-design-ideas-that-actually-work,203
glasgow garden landscapers,Commercial,170,46,1.57,0.56,0,1,,https://www.maccollandstokeslandscaping.co.uk/,108
glasgow landscape,Commercial,170,47,1.89,0.63,0,6,,https://www.maccollandstokeslandscaping.co.uk/,116
how much does a resin driveway cost uk,Informational,170,7,1.17,0.35,0,5,,https://www.maccollandstokeslandscaping.co.uk/post/resin-driveway-cost-uk-2026-real-prices-from-a-scottish-installer,109
how to level a sloping garden,Informational,170,10,0.00,0.05,0,9,,https://www.maccollandstokeslandscaping.co.uk/post/how-to-level-a-sloped-garden,104
ideas for small garden,Informational,170,30,0.48,1.00,0,5,,https://www.maccollandstokeslandscaping.co.uk/post/small-garden-design-ideas,189
landscape design company,Commercial,170,44,1.98,0.14,0,18,,https://www.maccollandstokeslandscaping.co.uk/,139
landscapes companies,Commercial,170,33,3.44,0.50,0,9,,https://www.maccollandstokeslandscaping.co.uk/,128
landscaping ideas for small yards,Informational,170,41,0.45,1.00,0,55,,https://www.maccollandstokeslandscaping.co.uk/post/small-garden-design-ideas,203
landscope,Commercial,170,24,2.79,0.08,0,73,,https://www.maccollandstokeslandscaping.co.uk/,107
modern garden designs for small gardens,Informational,170,29,0.85,0.93,0,42,,https://www.maccollandstokeslandscaping.co.uk/post/small-garden-design-ideas,193
monoblock driveways glasgow,Commercial,170,5,2.53,0.32,0,5,,https://www.maccollandstokeslandscaping.co.uk/driveways,111
new build small garden ideas,Informational,170,17,0.47,0.63,0,28,,https://www.maccollandstokeslandscaping.co.uk/post/small-garden-design-ideas,133
outdoor kitchen worktop ideas,Informational,170,14,0.85,1.00,0,6,,https://www.maccollandstokeslandscaping.co.uk/post/outdoor-kitchen-ideas-for-uk-gardens,191
outdoor living ideas,Informational,170,34,0.86,1.00,0,3,,https://www.maccollandstokeslandscaping.co.uk/post/outdoor-living-space-ideas,190
outdoor living room,Informational,170,22,0.92,1.00,0,7,,https://www.maccollandstokeslandscaping.co.uk/post/outdoor-living-space-ideas,191
outdoor space,Commercial,170,30,1.42,1.00,0,4,,https://www.maccollandstokeslandscaping.co.uk/post/outdoor-living-space-ideas,210
outside space,Informational,170,23,1.88,0.94,0,6,,https://www.maccollandstokeslandscaping.co.uk/post/outdoor-living-space-ideas,136
patios glasgow,Commercial,170,9,1.85,0.28,0,4,,https://www.maccollandstokeslandscaping.co.uk/paving-patios,107
pergola installers,Commercial,170,12,2.23,1.00,0,18,,https://www.maccollandstokeslandscaping.co.uk/pergolas,205
pergola installers near me,Transactional,170,13,2.79,0.94,0,16,,https://www.maccollandstokeslandscaping.co.uk/pergolas,139
plant hire scotland uk,Commercial,170,16,1.29,0.17,0,56,,https://www.maccollandstokeslandscaping.co.uk/plant-hire,116
plant screening for privacy,Commercial,170,7,0.31,1.00,0,7,,https://www.maccollandstokeslandscaping.co.uk/post/garden-privacy-ideas-for-overlooked-properties,209
privacy plant screens,Informational,170,8,0.32,1.00,0,6,,https://www.maccollandstokeslandscaping.co.uk/post/garden-privacy-ideas-for-overlooked-properties,201
privacy screen garden ideas,Informational,170,23,0.21,1.00,0,7,,https://www.maccollandstokeslandscaping.co.uk/post/garden-privacy-ideas-for-overlooked-properties,199
pub garden ideas,Informational,170,6,0.00,1.00,0,8,,https://www.maccollandstokeslandscaping.co.uk/post/garden-bar-ideas-designs-that-work,201
resin driveway cost per m2 uk,Informational,170,7,1.53,0.63,0,2,,https://www.maccollandstokeslandscaping.co.uk/post/resin-driveway-cost-uk-2026-real-prices-from-a-scottish-installer,115
simple front garden ideas uk,Informational,170,12,0.00,0.73,0,4,,https://www.maccollandstokeslandscaping.co.uk/post/front-garden-ideas,202
slope garden design,Informational,170,7,0.51,0.59,0,8,,https://www.maccollandstokeslandscaping.co.uk/post/sloped-garden-design-ideas-that-actually-work,131
sloped garden designs,Informational,170,9,0.51,0.59,0,9,,https://www.maccollandstokeslandscaping.co.uk/post/sloped-garden-design-ideas-that-actually-work,200
small garden desing,Informational,170,17,0.63,1.00,0,12,,https://www.maccollandstokeslandscaping.co.uk/post/small-garden-design-ideas,203
small garden lawn ideas,Informational,170,22,0.41,1.00,0,12,,https://www.maccollandstokeslandscaping.co.uk/post/small-garden-design-ideas,200
small garden room bar ideas,Informational,170,8,0.51,1.00,0,5,,https://www.maccollandstokeslandscaping.co.uk/post/garden-bar-ideas-designs-that-work,193
small modern garden designs,Informational,170,31,0.85,0.93,0,35,,https://www.maccollandstokeslandscaping.co.uk/post/small-garden-design-ideas,192
small sloped garden ideas,Informational,170,13,0.52,0.51,0,7,,https://www.maccollandstokeslandscaping.co.uk/post/sloped-garden-design-ideas-that-actually-work,201
stepped garden,Informational,170,11,0.00,0.87,0,9,,https://www.maccollandstokeslandscaping.co.uk/post/sloped-garden-design-ideas-that-actually-work,190
types of driveway,"Commercial, Informational",170,11,0.97,0.34,0,15,,https://www.maccollandstokeslandscaping.co.uk/post/what-the-best-driveway-ideas-have-in-common,129
waterlogged garden solutions,Informational,170,6,0.89,1.00,0,4,,https://www.maccollandstokeslandscaping.co.uk/post/how-to-fix-a-waterlogged-garden,134
waterlogged soil,Informational,170,16,0.00,0.12,0,56,,https://www.maccollandstokeslandscaping.co.uk/post/how-to-fix-a-waterlogged-garden,134
artificial grass gartcosh,Commercial,140,10,0.00,0.00,0,48,,https://www.maccollandstokeslandscaping.co.uk/artilawn-artificial-grass,5200
bar ideas outdoor,Informational,140,17,2.26,1.00,0,5,,https://www.maccollandstokeslandscaping.co.uk/post/garden-bar-ideas-designs-that-work,194
bar in garden,Informational,140,23,1.60,1.00,0,6,,https://www.maccollandstokeslandscaping.co.uk/post/garden-bar-ideas-designs-that-work,198
bespoke outdoor kitchen,Informational,140,22,2.03,1.00,0,11,,https://www.maccollandstokeslandscaping.co.uk/outdoor-kitchens,203
best driveways,Commercial,140,12,1.30,0.92,0,3,,https://www.maccollandstokeslandscaping.co.uk/post/what-the-best-driveway-ideas-have-in-common,132
driveway covering,Informational,140,5,1.11,1.00,0,6,,https://www.maccollandstokeslandscaping.co.uk/post/what-the-best-driveway-ideas-have-in-common,194
driveway options uk,Informational,140,4,1.09,0.98,0,7,,https://www.maccollandstokeslandscaping.co.uk/post/what-the-best-driveway-ideas-have-in-common,175
driveway styles,Informational,140,16,1.20,0.85,0,16,,https://www.maccollandstokeslandscaping.co.uk/post/what-the-best-driveway-ideas-have-in-common,201
exterior bar ideas,Informational,140,11,2.18,1.00,0,5,,https://www.maccollandstokeslandscaping.co.uk/post/garden-bar-ideas-designs-that-work,186
fire pit designs,Informational,140,38,0.00,1.00,0,7,,https://www.maccollandstokeslandscaping.co.uk/post/fire-pit-ideas-for-your-garden,191
flooded garden,Informational,140,11,0.93,0.42,0,43,,https://www.maccollandstokeslandscaping.co.uk/post/how-to-fix-a-waterlogged-garden,194
front garden designs uk,"Commercial, Informational",140,21,0.67,0.33,0,4,,https://www.maccollandstokeslandscaping.co.uk/post/front-garden-ideas,202
front yard privacy ideas,Informational,140,36,0.00,1.00,0,5,,https://www.maccollandstokeslandscaping.co.uk/post/garden-privacy-ideas-for-overlooked-properties,179
garden bar decor,Informational,140,21,0.25,1.00,0,27,,https://www.maccollandstokeslandscaping.co.uk/post/garden-bar-ideas-designs-that-work,204
garden bar decor ideas,Informational,140,8,0.33,1.00,0,12,,https://www.maccollandstokeslandscaping.co.uk/post/garden-bar-ideas-designs-that-work,196
garden bar designs,Informational,140,16,2.96,1.00,0,4,,https://www.maccollandstokeslandscaping.co.uk/post/garden-bar-ideas-designs-that-work,201
garden bar interior ideas,Informational,140,9,0.00,0.92,0,7,,https://www.maccollandstokeslandscaping.co.uk/post/garden-bar-ideas-designs-that-work,193
garden bar outdoor,Commercial,140,22,0.59,1.00,0,6,,https://www.maccollandstokeslandscaping.co.uk/post/garden-bar-ideas-designs-that-work,206
garden bars ideas,Informational,140,13,0.62,1.00,0,4,,https://www.maccollandstokeslandscaping.co.uk/post/garden-bar-ideas-designs-that-work,204
garden design ideas for large gardens,Informational,140,23,0.60,0.97,0,1,,https://www.maccollandstokeslandscaping.co.uk/post/large-garden-design-ideas-for-scottish-homes,206
garden design large,Informational,140,31,0.77,0.68,0,1,,https://www.maccollandstokeslandscaping.co.uk/post/large-garden-design-ideas-for-scottish-homes,198
garden ideas for big gardens,Informational,140,25,0.54,0.88,0,4,,https://www.maccollandstokeslandscaping.co.uk/post/large-garden-design-ideas-for-scottish-homes,194
garden pubs ideas,Informational,140,14,3.27,1.00,0,3,,https://www.maccollandstokeslandscaping.co.uk/post/garden-bar-ideas-designs-that-work,193
garden simple ideas,Informational,140,24,0.50,1.00,0,43,,https://www.maccollandstokeslandscaping.co.uk/post/small-garden-design-ideas,199
garden water features near me,Transactional,140,16,0.35,1.00,0,50,,https://www.maccollandstokeslandscaping.co.uk/water-features,208
gardening ideas for small spaces,Informational,140,30,0.50,1.00,0,17,,https://www.maccollandstokeslandscaping.co.uk/post/small-garden-design-ideas,197
german landscaping,Informational,140,8,0.00,0.33,0,50,,https://www.maccollandstokeslandscaping.co.uk/,71200000
home front garden ideas,Informational,140,34,0.73,0.96,0,8,,https://www.maccollandstokeslandscaping.co.uk/post/front-garden-ideas,132
home garden bar,"Informational, Transactional",140,20,0.71,1.00,0,7,,https://www.maccollandstokeslandscaping.co.uk/post/garden-bar-ideas-designs-that-work,200
how to drain a waterlogged lawn,Informational,140,6,0.51,0.98,0,47,,https://www.maccollandstokeslandscaping.co.uk/post/how-to-fix-a-waterlogged-garden,108
how to flatten a garden,Informational,140,14,0.78,0.89,0,16,,https://www.maccollandstokeslandscaping.co.uk/post/how-to-level-a-sloped-garden,107
how to level a sloped garden,Informational,140,10,0.00,0.05,0,10,,https://www.maccollandstokeslandscaping.co.uk/post/how-to-level-a-sloped-garden,107
how to level out garden,Informational,140,11,0.00,0.40,0,26,,https://www.maccollandstokeslandscaping.co.uk/post/how-to-level-a-sloped-garden,104
how to level sloping garden,Informational,140,14,0.00,0.05,0,9,,https://www.maccollandstokeslandscaping.co.uk/post/how-to-level-a-sloped-garden,104
ideas for a large garden,Informational,140,25,0.54,0.88,0,5,,https://www.maccollandstokeslandscaping.co.uk/post/large-garden-design-ideas-for-scottish-homes,192
ideas for outdoor living,Informational,140,32,1.09,1.00,0,3,,https://www.maccollandstokeslandscaping.co.uk/post/outdoor-living-space-ideas,187
kerb appeal ideas uk,Informational,140,23,0.00,0.33,0,25,,https://www.maccollandstokeslandscaping.co.uk/post/front-garden-ideas,136
landscape installation,Informational,140,22,0.00,0.01,0,11,,https://www.maccollandstokeslandscaping.co.uk/,137
landscaper glasgow,Commercial,140,47,1.89,0.63,0,3,,https://www.maccollandstokeslandscaping.co.uk/,113
leveling a garden,Informational,140,19,1.30,1.00,0,28,,https://www.maccollandstokeslandscaping.co.uk/post/how-to-level-a-sloped-garden,176
options for driveways,"Commercial, Informational",140,8,1.00,0.99,0,9,,https://www.maccollandstokeslandscaping.co.uk/post/what-the-best-driveway-ideas-have-in-common,197
outdoor area,Informational,140,24,1.86,1.00,0,9,,https://www.maccollandstokeslandscaping.co.uk/post/outdoor-living-space-ideas,199
outdoor living area ideas,Informational,140,37,1.09,1.00,0,3,,https://www.maccollandstokeslandscaping.co.uk/post/outdoor-living-space-ideas,181
outdoor living room ideas,Informational,140,30,1.09,1.00,0,3,,https://www.maccollandstokeslandscaping.co.uk/post/outdoor-living-space-ideas,178
outdoor seating areas,Informational,140,41,0.37,1.00,0,18,,https://www.maccollandstokeslandscaping.co.uk/post/outdoor-living-space-ideas,192
overlooked garden before and after,Informational,140,22,0.00,0.10,0,8,,https://www.maccollandstokeslandscaping.co.uk/post/garden-privacy-ideas-for-overlooked-properties,128
patio cost uk,Informational,140,13,1.14,0.78,0,34,,https://www.maccollandstokeslandscaping.co.uk/post/how-much-does-a-patio-cost,162
paving glasgow,Commercial,140,17,0.45,1.00,0,15,,https://www.maccollandstokeslandscaping.co.uk/paving-patios,110
pergola installation near me,Transactional,140,9,2.49,0.99,0,21,,https://www.maccollandstokeslandscaping.co.uk/pergolas,142
permeable resin driveway cost,Informational,140,9,1.44,0.68,0,3,,https://www.maccollandstokeslandscaping.co.uk/post/resin-driveway-cost-uk-2026-real-prices-from-a-scottish-installer,115
planting a small garden ideas,Informational,140,14,0.55,1.00,0,48,,https://www.maccollandstokeslandscaping.co.uk/post/small-garden-design-ideas,129
price for resin driveway,Informational,140,12,1.53,0.71,0,6,,https://www.maccollandstokeslandscaping.co.uk/post/resin-driveway-cost-uk-2026-real-prices-from-a-scottish-installer,171
screening ideas to block out neighbours,Informational,140,11,0.28,1.00,0,20,,https://www.maccollandstokeslandscaping.co.uk/post/garden-privacy-ideas-for-overlooked-properties,132
screening plants for privacy,Informational,140,14,0.31,1.00,0,21,,https://www.maccollandstokeslandscaping.co.uk/post/garden-privacy-ideas-for-overlooked-properties,196
sloped garden ideas on a budget uk,Informational,140,12,0.44,0.65,0,20,,https://www.maccollandstokeslandscaping.co.uk/post/sloped-garden-design-ideas-that-actually-work,186
small back garden ideas uk,Informational,140,16,0.33,1.00,0,44,,https://www.maccollandstokeslandscaping.co.uk/post/small-garden-design-ideas,190
small contemporary garden designs,Informational,140,8,0.85,0.93,0,34,,https://www.maccollandstokeslandscaping.co.uk/post/small-garden-design-ideas,194
small garden layout,Informational,140,34,0.42,0.75,0,18,,https://www.maccollandstokeslandscaping.co.uk/post/small-garden-design-ideas,191
small garden layout ideas,Informational,140,28,0.51,0.87,0,13,,https://www.maccollandstokeslandscaping.co.uk/post/small-garden-design-ideas,191
small outdoor bar ideas,Informational,140,12,0.42,1.00,0,5,,https://www.maccollandstokeslandscaping.co.uk/post/garden-bar-ideas-designs-that-work,181
small sloped garden ideas uk,Informational,140,11,0.00,0.10,0,10,,https://www.maccollandstokeslandscaping.co.uk/post/sloped-garden-design-ideas-that-actually-work,135
surfaces for driveways,"Commercial, Informational",140,16,1.29,1.00,0,6,,https://www.maccollandstokeslandscaping.co.uk/post/what-the-best-driveway-ideas-have-in-common,195
types of driveway surfaces,Informational,140,20,1.00,0.62,0,14,,https://www.maccollandstokeslandscaping.co.uk/post/what-the-best-driveway-ideas-have-in-common,133
types of driveways uk,Informational,140,11,0.91,0.42,0,14,,https://www.maccollandstokeslandscaping.co.uk/post/what-the-best-driveway-ideas-have-in-common,114
uk driveway ideas,Informational,140,17,0.93,1.00,0,5,,https://www.maccollandstokeslandscaping.co.uk/post/what-the-best-driveway-ideas-have-in-common,202
uneven garden ideas,Informational,140,16,0.00,0.43,0,26,,https://www.maccollandstokeslandscaping.co.uk/post/sloped-garden-design-ideas-that-actually-work,184
waterlogged grass,Informational,140,8,0.95,0.87,0,28,,https://www.maccollandstokeslandscaping.co.uk/post/how-to-fix-a-waterlogged-garden,161
albar landscapes,Navigational,110,23,0.78,0.02,0,33,,https://www.maccollandstokeslandscaping.co.uk/,107
back garden bar,Commercial,110,21,2.06,1.00,0,8,,https://www.maccollandstokeslandscaping.co.uk/post/garden-bar-ideas-designs-that-work,192
bespoke outdoor spaces,Navigational,110,21,1.40,0.49,0,19,,https://www.maccollandstokeslandscaping.co.uk/garden-design,194
best driveway surface,Commercial,110,3,1.06,0.99,0,1,,https://www.maccollandstokeslandscaping.co.uk/post/what-the-best-driveway-ideas-have-in-common,192
block paving glasgow,Commercial,110,14,2.41,0.66,0,58,,https://www.maccollandstokeslandscaping.co.uk/driveways,176
commercial landscape companies,Commercial,110,13,3.04,0.20,0,46,,https://www.maccollandstokeslandscaping.co.uk/,119
contemporary small gardens,Informational,110,8,0.74,1.00,0,35,,https://www.maccollandstokeslandscaping.co.uk/post/small-garden-design-ideas,194
cost for patio,Informational,110,16,1.35,0.94,0,11,,https://www.maccollandstokeslandscaping.co.uk/post/how-much-does-a-patio-cost,167
cost of patio per m2,Commercial,110,16,1.36,0.73,0,15,,https://www.maccollandstokeslandscaping.co.uk/post/how-much-does-a-patio-cost,172
design for a small garden uk,Informational,110,21,0.61,0.87,0,14,,https://www.maccollandstokeslandscaping.co.uk/post/small-garden-design-ideas,194
different driveway types,Informational,110,16,0.89,0.46,0,21,,https://www.maccollandstokeslandscaping.co.uk/post/what-the-best-driveway-ideas-have-in-common,135
downward sloping garden ideas uk,Informational,110,11,0.71,0.07,0,7,,https://www.maccollandstokeslandscaping.co.uk/post/sloped-garden-design-ideas-that-actually-work,134
driveway coverings,Commercial,110,13,1.11,1.00,0,11,,https://www.maccollandstokeslandscaping.co.uk/post/what-the-best-driveway-ideas-have-in-common,190
driveway resin cost uk,Informational,110,9,1.39,0.57,0,4,,https://www.maccollandstokeslandscaping.co.uk/post/resin-driveway-cost-uk-2026-real-prices-from-a-scottish-installer,174
easy maintenance garden,Informational,110,19,0.94,1.00,0,7,,https://www.maccollandstokeslandscaping.co.uk/post/low-maintenance-garden-ideas,191
front gardens uk,Informational,110,22,0.59,0.11,0,4,,https://www.maccollandstokeslandscaping.co.uk/post/front-garden-ideas,196
garden bar area,Informational,110,14,3.80,1.00,0,5,,https://www.maccollandstokeslandscaping.co.uk/post/garden-bar-ideas-designs-that-work,197
garden design for sloping garden,Informational,110,13,0.58,0.35,0,8,,https://www.maccollandstokeslandscaping.co.uk/post/sloped-garden-design-ideas-that-actually-work,131
garden flooding solutions,Informational,110,17,1.06,1.00,0,63,,https://www.maccollandstokeslandscaping.co.uk/post/how-to-fix-a-waterlogged-garden,162
garden landscaping glasgow,Commercial,110,47,1.57,0.56,0,1,,https://www.maccollandstokeslandscaping.co.uk/,113
garden levels,Informational,110,10,1.30,1.00,0,27,,https://www.maccollandstokeslandscaping.co.uk/post/how-to-level-a-sloped-garden,191
garden private,Informational,110,13,0.00,0.09,0,7,,https://www.maccollandstokeslandscaping.co.uk/post/garden-privacy-ideas-for-overlooked-properties,188
glasgow driveway,Informational,110,37,2.45,0.45,0,6,,https://www.maccollandstokeslandscaping.co.uk/driveways,110
how much does a patio cost uk,Informational,110,11,1.16,0.62,0,10,,https://www.maccollandstokeslandscaping.co.uk/post/how-much-does-a-patio-cost,104
how much for a patio,Informational,110,16,1.13,0.93,0,24,,https://www.maccollandstokeslandscaping.co.uk/post/how-much-does-a-patio-cost,180
how to get privacy in an overlooked garden,Informational,110,9,0.52,1.00,0,3,,https://www.maccollandstokeslandscaping.co.uk/post/garden-privacy-ideas-for-overlooked-properties,32600000
how to make a garden more private,Informational,110,10,0.34,0.99,0,8,,https://www.maccollandstokeslandscaping.co.uk/post/garden-privacy-ideas-for-overlooked-properties,49
how to make garden more private,Informational,110,11,0.34,0.99,0,6,,https://www.maccollandstokeslandscaping.co.uk/post/garden-privacy-ideas-for-overlooked-properties,130
ideas for sloping front gardens,Informational,110,18,0.00,0.15,0,14,,https://www.maccollandstokeslandscaping.co.uk/post/sloped-garden-design-ideas-that-actually-work,128
ideas for small front gardens uk,Informational,110,26,0.40,0.58,0,26,,https://www.maccollandstokeslandscaping.co.uk/post/front-garden-ideas,192
kitchen in garden,Informational,110,15,1.48,0.45,0,7,,https://www.maccollandstokeslandscaping.co.uk/post/outdoor-kitchen-ideas-for-uk-gardens,180
kitchen outdoor ideas,Informational,110,28,0.56,1.00,0,6,,https://www.maccollandstokeslandscaping.co.uk/post/outdoor-kitchen-ideas-for-uk-gardens,183
lanscapes,Informational,110,53,1.69,0.10,0,58,,https://www.maccollandstokeslandscaping.co.uk/,149
large garden designs,Informational,110,28,0.77,0.68,0,4,,https://www.maccollandstokeslandscaping.co.uk/post/large-garden-design-ideas-for-scottish-homes,196
large garden ideas uk,Informational,110,22,0.74,0.99,0,3,,https://www.maccollandstokeslandscaping.co.uk/post/large-garden-design-ideas-for-scottish-homes,186
levelling sloped garden,Informational,110,11,1.34,0.07,0,10,,https://www.maccollandstokeslandscaping.co.uk/post/how-to-level-a-sloped-garden,184
maintenance garden,Commercial,110,21,1.48,0.36,0,10,,https://www.maccollandstokeslandscaping.co.uk/post/low-maintenance-garden-ideas,134
outdoor garden bar ideas,Informational,110,16,2.58,1.00,0,4,,https://www.maccollandstokeslandscaping.co.uk/post/garden-bar-ideas-designs-that-work,194
outdoor kitchen idea,Informational,110,28,0.58,1.00,0,2,,https://www.maccollandstokeslandscaping.co.uk/post/outdoor-kitchen-ideas-for-uk-gardens,197
outdoor living rooms,Commercial,110,27,1.12,1.00,0,5,,https://www.maccollandstokeslandscaping.co.uk/post/outdoor-living-space-ideas,182
outside bar in garden,Informational,110,23,1.49,1.00,0,7,,https://www.maccollandstokeslandscaping.co.uk/post/garden-bar-ideas-designs-that-work,196
outside room ideas,Informational,110,32,1.06,1.00,0,3,,https://www.maccollandstokeslandscaping.co.uk/post/outdoor-living-space-ideas,193
overlooked garden ideas,Informational,110,6,0.00,1.00,0,5,,https://www.maccollandstokeslandscaping.co.uk/post/garden-privacy-ideas-for-overlooked-properties,193
overlooked garden privacy ideas,Informational,110,9,0.00,0.99,0,4,,https://www.maccollandstokeslandscaping.co.uk/post/garden-privacy-ideas-for-overlooked-properties,198
panorama landscaping,Informational,110,22,0.00,0.10,0,25,,https://www.maccollandstokeslandscaping.co.uk/,114
patio costs per m2,Informational,110,14,1.36,0.73,0,13,,https://www.maccollandstokeslandscaping.co.uk/post/how-much-does-a-patio-cost,95
pergola ideas for small gardens uk,Informational,110,22,0.39,0.99,0,14,,https://www.maccollandstokeslandscaping.co.uk/post/pergola-design-ideas-maccoll-stokes,199
pergola installers uk,Commercial,110,11,2.55,1.00,0,36,,https://www.maccollandstokeslandscaping.co.uk/pergolas,190
pitch landscaping,Informational,110,4,0.00,0.00,0,40,,https://www.maccollandstokeslandscaping.co.uk/,144
privacy garden ideas,Informational,110,11,0.21,1.00,0,1,,https://www.maccollandstokeslandscaping.co.uk/post/garden-privacy-ideas-for-overlooked-properties,197
privacy plantings screens,Informational,110,13,0.31,1.00,0,6,,https://www.maccollandstokeslandscaping.co.uk/post/garden-privacy-ideas-for-overlooked-properties,195
really small garden ideas,Informational,110,22,0.37,0.90,0,46,,https://www.maccollandstokeslandscaping.co.uk/post/small-garden-design-ideas,221
resin driveways cost uk,Informational,110,9,1.39,0.57,0,4,,https://www.maccollandstokeslandscaping.co.uk/post/resin-driveway-cost-uk-2026-real-prices-from-a-scottish-installer,168
rukeri,Navigational,110,15,0.31,0.30,0,19,,https://www.maccollandstokeslandscaping.co.uk/,108
screening ideas for garden,Informational,110,22,0.22,1.00,0,8,,https://www.maccollandstokeslandscaping.co.uk/post/garden-privacy-ideas-for-overlooked-properties,202
sloping garden designs,Informational,110,7,0.58,0.35,0,8,,https://www.maccollandstokeslandscaping.co.uk/post/sloped-garden-design-ideas-that-actually-work,133
small garden design uk,Informational,110,22,0.61,0.87,0,12,,https://www.maccollandstokeslandscaping.co.uk/post/small-garden-design-ideas,192
small garden ideas garden designs,Informational,110,22,0.47,1.00,0,16,,https://www.maccollandstokeslandscaping.co.uk/post/small-garden-design-ideas,133
small garden layouts,Informational,110,-1,0.42,0.75,0,10,,https://www.maccollandstokeslandscaping.co.uk/post/small-garden-design-ideas,191
small outdoor kitchen ideas uk,Informational,110,22,0.41,1.00,0,5,,https://www.maccollandstokeslandscaping.co.uk/post/outdoor-kitchen-ideas-for-uk-gardens,191
small sloping garden ideas uk,Informational,110,9,0.00,0.10,0,10,,https://www.maccollandstokeslandscaping.co.uk/post/sloped-garden-design-ideas-that-actually-work,134
spencer and co,Commercial,110,11,0.00,0.01,0,49,,https://www.maccollandstokeslandscaping.co.uk/,104
very steep garden ideas,Informational,110,12,0.00,0.41,0,8,,https://www.maccollandstokeslandscaping.co.uk/post/sloped-garden-design-ideas-that-actually-work,203
waterlogged garden,Informational,110,7,0.82,0.91,0,7,,https://www.maccollandstokeslandscaping.co.uk/post/how-to-fix-a-waterlogged-garden,199
albar barrhead,Navigational,90,18,0.78,0.02,0,42,,https://www.maccollandstokeslandscaping.co.uk/,107
albar landscapes barrhead,Navigational,90,16,1.57,0.05,0,30,,https://www.maccollandstokeslandscaping.co.uk/,0
bar area outside,Informational,90,24,1.18,1.00,0,6,,https://www.maccollandstokeslandscaping.co.uk/post/garden-bar-ideas-designs-that-work,193
best driveway,Commercial,90,16,1.30,0.92,0,4,,https://www.maccollandstokeslandscaping.co.uk/post/what-the-best-driveway-ideas-have-in-common,117
big garden ideas uk,Informational,90,23,0.74,0.99,0,2,,https://www.maccollandstokeslandscaping.co.uk/post/large-garden-design-ideas-for-scottish-homes,194
devonshire landscapes,"Informational, Transactional",90,22,1.61,0.12,0,38,,https://www.maccollandstokeslandscaping.co.uk/,106
devonshire landscaping,Navigational,90,24,1.61,0.12,0,39,,https://www.maccollandstokeslandscaping.co.uk/,0
driveway material,Informational,90,7,1.01,1.00,0,8,,https://www.maccollandstokeslandscaping.co.uk/post/what-the-best-driveway-ideas-have-in-common,197
driveway material options,Informational,90,21,0.92,1.00,0,10,,https://www.maccollandstokeslandscaping.co.uk/post/what-the-best-driveway-ideas-have-in-common,59
driveway surfacing options,Informational,90,18,1.02,1.00,0,5,,https://www.maccollandstokeslandscaping.co.uk/post/what-the-best-driveway-ideas-have-in-common,194
fire pit glasgow,Transactional,90,16,0.56,0.75,0,12,,https://www.maccollandstokeslandscaping.co.uk/fire-pits,5150000
fire pit ideas uk,Informational,90,21,0.38,1.00,0,7,,https://www.maccollandstokeslandscaping.co.uk/post/fire-pit-ideas-for-your-garden,193
garden design sloping garden ideas,Informational,90,11,0.67,0.17,0,8,,https://www.maccollandstokeslandscaping.co.uk/post/sloped-garden-design-ideas-that-actually-work,136
garden designer scotland,Commercial,90,37,0.66,0.44,0,25,,https://www.maccollandstokeslandscaping.co.uk/,167
garden designs for large gardens,Informational,90,28,0.77,0.68,0,3,,https://www.maccollandstokeslandscaping.co.uk/post/large-garden-design-ideas-for-scottish-homes,195
garden ideas scotland,Informational,90,-1,0.70,0.98,0,4,,https://www.maccollandstokeslandscaping.co.uk/post/large-garden-design-ideas-for-scottish-homes,134
garden is waterlogged,Informational,90,21,0.82,0.91,0,4,,https://www.maccollandstokeslandscaping.co.uk/post/how-to-fix-a-waterlogged-garden,134
garden kitchen ideas uk,Informational,90,22,0.50,1.00,0,6,,https://www.maccollandstokeslandscaping.co.uk/post/outdoor-kitchen-ideas-for-uk-gardens,191
gardening companies glasgow,Commercial,90,34,1.30,0.55,0,6,,https://www.maccollandstokeslandscaping.co.uk/,109
glasgow driveways,Commercial,90,-1,2.45,0.45,0,6,,https://www.maccollandstokeslandscaping.co.uk/driveways,109
how to design a small garden,Informational,90,23,0.53,0.94,0,16,,https://www.maccollandstokeslandscaping.co.uk/post/small-garden-design-ideas,132
how to flatten garden,Informational,90,16,0.78,0.89,0,4,,https://www.maccollandstokeslandscaping.co.uk/post/how-to-level-a-sloped-garden,107
how to treat waterlogged garden clay soil,Informational,90,6,0.82,1.00,0,6,,https://www.maccollandstokeslandscaping.co.uk/post/how-to-fix-a-waterlogged-garden,129
ideas for a sloped garden,Informational,90,9,0.40,0.25,0,8,,https://www.maccollandstokeslandscaping.co.uk/post/sloped-garden-design-ideas-that-actually-work,196
ideas for gardens with slopes,Informational,90,-1,0.40,0.25,0,2,,https://www.maccollandstokeslandscaping.co.uk/post/sloped-garden-design-ideas-that-actually-work,199
ideas small garden design,Informational,90,25,0.47,1.00,0,6,,https://www.maccollandstokeslandscaping.co.uk/post/small-garden-design-ideas,195
landscape design small garden,Informational,90,35,0.76,1.00,0,16,,https://www.maccollandstokeslandscaping.co.uk/post/small-garden-design-ideas,188
landscape engineering,Navigational,90,19,1.81,0.08,0,70,,https://www.maccollandstokeslandscaping.co.uk/,107
landscape gardeners glasgow west end,Commercial,90,7,1.24,0.57,0,14,,https://www.maccollandstokeslandscaping.co.uk/,109
landscapers scotland,Commercial,90,34,1.55,0.12,0,1,,https://www.maccollandstokeslandscaping.co.uk/,121
landscaping co,Commercial,90,26,3.24,0.45,0,3,,https://www.maccollandstokeslandscaping.co.uk/,52
landscaping co uk,Navigational,90,41,3.80,0.46,0,10,,https://www.maccollandstokeslandscaping.co.uk/,108
landscaping scotland,Commercial,90,29,1.79,0.16,0,6,,https://www.maccollandstokeslandscaping.co.uk/,52
landscaping united kingdom,Commercial,90,27,1.81,0.08,0,11,,https://www.maccollandstokeslandscaping.co.uk/,128
landscapping,Informational,90,46,1.69,0.10,0,16,,https://www.maccollandstokeslandscaping.co.uk/,408000000
large garden design ideas uk,Informational,90,22,0.68,0.46,0,1,,https://www.maccollandstokeslandscaping.co.uk/post/large-garden-design-ideas-for-scottish-homes,190
macc landscapes,Commercial,90,24,2.06,0.37,0,23,,https://www.maccollandstokeslandscaping.co.uk/,103
made to measure pergola near me,Transactional,90,18,1.83,1.00,0,12,,https://www.maccollandstokeslandscaping.co.uk/pergolas,54
modern small garden,Informational,90,19,0.74,1.00,0,42,,https://www.maccollandstokeslandscaping.co.uk/post/small-garden-design-ideas,197
outdoor areas,Informational,90,26,1.86,1.00,0,7,,https://www.maccollandstokeslandscaping.co.uk/post/outdoor-living-space-ideas,202
outdoor kitchen specialists,Commercial,90,32,1.88,0.60,0,24,,https://www.maccollandstokeslandscaping.co.uk/outdoor-kitchens,209
outdoor living area,Informational,90,30,0.98,1.00,0,4,,https://www.maccollandstokeslandscaping.co.uk/post/outdoor-living-space-ideas,181
outdoor living space ideas uk,Informational,90,13,0.90,1.00,0,1,,https://www.maccollandstokeslandscaping.co.uk/post/outdoor-living-space-ideas,196
outdoor living spaces uk,Informational,90,28,0.78,1.00,0,2,,https://www.maccollandstokeslandscaping.co.uk/post/outdoor-living-space-ideas,55
outside living space,Informational,90,26,1.14,1.00,0,5,,https://www.maccollandstokeslandscaping.co.uk/post/outdoor-living-space-ideas,179
outside rooms ideas,Informational,90,-1,1.06,1.00,0,13,,https://www.maccollandstokeslandscaping.co.uk/post/outdoor-living-space-ideas,200
pergola companies near me,Transactional,90,17,3.93,1.00,0,18,,https://www.maccollandstokeslandscaping.co.uk/pergolas,137
pergola in garden design,Informational,90,21,0.64,1.00,0,12,,https://www.maccollandstokeslandscaping.co.uk/post/pergola-design-ideas-maccoll-stokes,197
pergolas scotland,Informational,90,6,1.60,1.00,0,12,,https://www.maccollandstokeslandscaping.co.uk/pergolas,171
resin driveway cost per m2 near me,Transactional,90,3,1.51,0.72,0,4,,https://www.maccollandstokeslandscaping.co.uk/post/resin-driveway-cost-uk-2026-real-prices-from-a-scottish-installer,112
sloping garden design ideas,Informational,90,12,0.67,0.17,0,6,,https://www.maccollandstokeslandscaping.co.uk/post/sloped-garden-design-ideas-that-actually-work,81
small back garden designs,Informational,90,26,0.53,0.95,0,34,,https://www.maccollandstokeslandscaping.co.uk/post/small-garden-design-ideas,200
small back gardens,Informational,90,28,0.62,1.00,0,34,,https://www.maccollandstokeslandscaping.co.uk/post/small-garden-design-ideas,193
small easy garden designs,Informational,90,17,0.61,0.99,0,18,,https://www.maccollandstokeslandscaping.co.uk/post/small-garden-design-ideas,201
small garden modern design,Informational,90,22,0.63,1.00,0,42,,https://www.maccollandstokeslandscaping.co.uk/post/small-garden-design-ideas,199
small garden plan,Informational,90,14,0.48,0.99,0,31,,https://www.maccollandstokeslandscaping.co.uk/post/small-garden-design-ideas,125
small gardens ideas uk,Informational,90,23,0.44,1.00,0,23,,https://www.maccollandstokeslandscaping.co.uk/post/small-garden-design-ideas,198
small gardens uk,Informational,90,14,0.64,0.76,0,32,,https://www.maccollandstokeslandscaping.co.uk/post/small-garden-design-ideas,193
small landscaped garden ideas,Informational,90,41,0.76,1.00,0,16,,https://www.maccollandstokeslandscaping.co.uk/post/small-garden-design-ideas,88
soil water logging,Informational,90,32,0.74,0.39,0,51,,https://www.maccollandstokeslandscaping.co.uk/post/how-to-fix-a-waterlogged-garden,133
