"Keyword",Intent,Relevance,Volume,KD %,CPC (USD),SF,Updated
landscaping glasgow,,100,390,45,2.46,"Image, People also ask, Local pack, Discussions and forums, Find results on, Related searches",1 month
landscapers glasgow,,80,210,40,2.46,"Image, Video, People also ask, Local pack, Find results on, Related searches",1 month
glasgow landscape,,79,170,46,2.01,"Image pack, Video, People also ask, Local pack, Related searches",1 month
landscape gardeners glasgow,,79,320,28,1.57,"Reviews, Video, People also ask, Local pack",1 month
gardening companies glasgow,,72,110,35,1.59,"Video, People also ask, Local pack, Find results on, Related searches",1 month
garden design glasgow,,71,170,48,1.9,"Video, People also ask, Local pack, Related searches",1 month
garden services glasgow,Commercial,63,110,28,1.59,"Video, People also ask, Local pack, Related searches",1 month
gardeners glasgow,Commercial,62,140,14,1.44,"Video, People also ask, Local pack, Related searches",1 month
glasgow gardening services,Commercial,59,90,10,1.59,"Video, People also ask, Related searches",1 month
scotland landscaping,Commercial,57,210,6,0,"Image, Image pack, Video, People also ask, Local pack, Find results on, Related searches",1 month
garden maintenance glasgow,Commercial,56,170,30,1.38,"Reviews, People also ask, Local pack, Related searches",1 month
patios glasgow,Commercial,56,170,7,2.5,"Image, Image pack, Video, People also ask, Local pack, Related searches",1 month
glasgow garden maintenance,Commercial,55,110,27,1.99,"Sitelinks, Video, People also ask, Local pack, Related searches",1 month
landscaping falkirk,Commercial,53,140,9,2.02,"Image, Video, People also ask, Local pack, Related searches",1 month
driveway paving glasgow,Commercial,52,110,28,2.66,"Reviews, Image, Video, People also ask, Local pack, Related searches",1 month
gardener glasgow,Navigational,52,260,30,1.44,"Sitelinks, Reviews, Image, People also ask, Local pack, Related searches, Ads middle",1 month
decking glasgow,Commercial,51,170,10,1.36,"People also ask, Local pack, Find results on, Related searches",1 month
driveways glasgow,Commercial,51,480,16,2.17,"Image, People also ask, Local pack, Related searches",1 month
garden fencing glasgow,Commercial,51,170,8,0,"Video, People also ask, Local pack, Related searches",1 month
driveway glasgow,Commercial,50,170,13,2.45,"Reviews, Image, Video, People also ask, Local pack, Related searches",1 month
gardeners falkirk,,50,70,,0.95,,
gardeners kilmarnock,Commercial,50,110,14,0.98,"Reviews, People also ask, Local pack, Related searches",1 month
landscape gardeners ayrshire,Commercial,50,90,8,1.86,"People also ask, Local pack, Find results on, Related searches",1 month
groundworks glasgow,Commercial,49,110,12,2.61,"Image, People also ask, Local pack, Related searches",1 month
landscaping bristol,Commercial,49,320,39,2.48,"Reviews, Video, People also ask, Local pack, Related searches",1 month
landscaping cardiff,Commercial,49,170,9,2,"Reviews, Video, People also ask, Local pack, Related searches",1 month
paving glasgow,Commercial,49,110,13,0.48,"Image, Video, Local pack, Find results on, Related searches",1 month
resin driveway glasgow,Commercial,49,170,12,1.26,"Video, People also ask, Local pack",1 month
resin driveways glasgow,Commercial,49,390,7,1.34,"Reviews, Video, People also ask, Local pack, Related searches, Ads middle",1 month
artificial grass east kilbride,Commercial,48,480,5,0.93,"Reviews, Video, People also ask, Local pack, Related searches",1 month
composite decking glasgow,Commercial,48,590,9,2.22,"Video, People also ask, Local pack, Related searches, Popular products",1 month
dundee landscaping,Commercial,48,90,17,2.26,"People also ask, Local pack, Related searches",1 month
landscape gardeners cardiff,Commercial,48,210,29,1.68,"Video, People also ask, Local pack, Related searches",1 month
landscapers sheffield,Commercial,48,260,18,2.04,"People also ask, Local pack, Related searches",1 month
landscaping blackpool,Commercial,48,90,31,2.19,"Reviews, Image, People also ask, Local pack, Related searches",1 month
landscaping sheffield,Commercial,48,210,18,1.65,"Reviews, Video, Local pack, Related searches",1 month
landscaping stockport,Commercial,48,90,36,5.27,"Image, Video, People also ask, Local pack, Related searches",1 month
landscaping swansea,Commercial,48,140,22,2.38,"People also ask, Local pack, Related searches",1 month
landscaping wolverhampton,Commercial,48,140,8,2.8,"Image, People also ask, Local pack, Related searches",1 month
monoblock driveway glasgow,Commercial,48,210,5,2.74,"Image, Video, People also ask, Local pack, Find results on, Related searches",1 month
glasgow roofing,Commercial,47,260,30,4.91,"Video, People also ask, Local pack, Related searches",1 month
landscape gardeners bristol,Commercial,47,210,34,2.66,"Image, People also ask, Local pack, Find results on, Related searches",1 month
landscape gardeners dundee,Commercial,47,110,11,1.82,"Image, People also ask, Local pack, Discussions and forums, Find results on, Related searches",1 month
landscape gardeners fife scotland,Commercial,47,140,32,1.67,"People also ask, Local pack, Related searches, Ads bottom",1 month
landscape gardeners sheffield,Commercial,47,170,30,1.26,"Video, People also ask, Local pack, Related searches",1 month
landscape gardeners stockport,Commercial,47,110,33,2.24,"Video, People also ask, Local pack, Related searches",1 month
landscape gardeners swansea,Commercial,47,170,22,2.1,"Image, People also ask, Local pack, Related searches",1 month
landscape gardeners wigan,Commercial,47,110,9,1.28,"Image, People also ask, Local pack, Related searches",1 month
landscaping basingstoke,Commercial,47,140,30,6.12,"Image, Video, People also ask, Local pack, Find results on, Related searches",1 month
landscaping bromley,Commercial,47,390,24,3.87,"Reviews, Image, People also ask, Local pack, Related searches",1 month
landscaping doncaster,Commercial,47,210,11,2.31,"Reviews, People also ask, Local pack, Related searches",1 month
landscaping fife,Commercial,47,90,6,1.99,"Reviews, People also ask, Local pack, Related searches",1 month
landscaping gloucester,Commercial,47,320,39,2.51,"Reviews, Image, People also ask, Local pack, Related searches",1 month
landscaping guildford,Commercial,47,110,31,5.74,"Image, People also ask, Local pack, Related searches",1 month
landscaping service,Commercial,47,320,11,2.33,"Video, People also ask, Local pack, Discussions and forums",1 month
landscaping services liverpool,Commercial,47,210,20,0,"Image, Video, People also ask, Local pack, Find results on",1 month
landscaping st albans,Commercial,47,210,29,3.65,"Video, People also ask, Local pack, Related searches",1 month
landscaping swindon,Commercial,47,90,34,2.7,"People also ask, Local pack, Related searches",1 month
landscaping telford,Commercial,47,170,16,2.32,"Reviews, Video, People also ask, Local pack, Related searches",1 month
small garden landscaping near me,"Informational, Transactional",47,110,23,1.8,"AI Overview, People also ask, Local pack, Related searches",1 month
artificial grass motherwell,Commercial,46,260,8,0,"Image, Video, Local pack, Related searches",1 month
builder glasgow,Commercial,46,260,21,2.8,"Image, Video, Local pack, Discussions and forums, Find results on, Related searches",1 month
builders glasgow,Commercial,46,720,21,2.77,"Video, People also ask, Local pack, Related searches",1 month
builders in glasgow,Commercial,46,320,20,2.77,"Video, People also ask, Local pack, Related searches",1 month
building contractors in glasgow,Commercial,46,260,11,2.77,"Video, Local pack, Related searches",1 month
fence panels glasgow,Commercial,46,210,13,0.57,"Video, People also ask, Local pack, Related searches, Popular products",1 month
garden and landscaping near me,Transactional,46,170,29,2.85,"Image, People also ask, Local pack, Discussions and forums, Find results on, Related searches, Ads bottom",1 month
garden landscaping liverpool,Commercial,46,90,32,1.88,"Video, People also ask, Local pack, Discussions and forums, Find results on, Related searches",1 month
garden landscaping near me,Transactional,46,1600,26,2.62,"Reviews, Video, People also ask, Local pack, Related searches",1 month
garden maintenance blackpool,Commercial,46,90,11,1.15,"Image, People also ask, Local pack, Discussions and forums, Find results on, Related searches",1 month
garden services cardiff,Commercial,46,260,18,1.39,"Reviews, People also ask, Local pack, Related searches",1 month
gardeners cardiff,Commercial,46,210,12,2.07,"Video, People also ask, Local pack, Related searches",1 month
glasgow builders,Commercial,46,170,16,2.77,"Image, Video, Local pack, Related searches",1 month
glasgow roofers,Commercial,46,320,33,4.91,"Image, Video, People also ask, Local pack, Discussions and forums, Related searches",1 month
glasgow roofing contractors,Informational,46,90,30,2.64,"Image, Video, Knowledge panel, Discussions and forums, Related searches",1 month
glasgow tree surgeons,Commercial,46,110,30,4.47,"Image, People also ask, Local pack, Discussions and forums, Find results on, Related searches",1 month
herts landscaping,Commercial,46,140,30,6.07,"Sitelinks, Local pack, Related searches",1 month
landscape companies near me,Transactional,46,480,17,3.95,"People also ask, Local pack, Find results on, Related searches",1 month
landscape company near me,Transactional,46,210,18,3.95,"Video, People also ask, Local pack, Related searches",1 month
landscape gardeners,Commercial,46,2900,37,2.04,"Reviews, Image pack, Video, People also ask, Local pack, Related searches, Ads bottom",1 month
landscape gardeners bolton lancashire,Commercial,46,90,9,1.97,"Reviews, People also ask, Local pack, Related searches",1 month
landscape gardeners bromley,Commercial,46,140,22,3.46,"People also ask, Local pack, Related searches",1 month
landscape gardeners croydon,Commercial,46,110,19,0,"Video, People also ask, Local pack, Related searches",1 month
landscape gardeners fife,Commercial,46,140,38,1.67,"Reviews, People also ask, Local pack, Related searches",1 month
landscape gardeners gloucestershire,Commercial,46,110,41,1.61,"Reviews, Video, People also ask, Local pack, Related searches",1 month
landscape gardeners guildford,Commercial,46,110,22,4.1,"Reviews, People also ask, Local pack, Related searches",1 month
landscape gardeners hampshire,Commercial,46,110,10,2.95,"Reviews, Video, People also ask, Local pack, Related searches",1 month
landscape gardeners ipswich,Commercial,46,140,28,2.91,"People also ask, Local pack, Related searches",1 month
landscape gardeners leeds,Commercial,46,170,30,1.72,"People also ask, Local pack, Discussions and forums, Related searches",1 month
landscape gardeners leicester,Commercial,46,90,37,1.99,"Reviews, Video, People also ask, Local pack, Related searches",1 month
landscape gardeners lincolnshire,Commercial,46,90,35,2.1,"Reviews, People also ask, Local pack, Related searches",1 month
landscape gardeners liverpool,Commercial,46,260,34,1.64,"Reviews, Video, People also ask, Local pack, Related searches",1 month
landscape gardeners manchester,Commercial,46,140,19,2.31,"Image, Video, People also ask, Local pack, Related searches",1 month
landscape gardeners near me,Transactional,46,14800,36,2.62,"Reviews, Video, People also ask, Local pack, Related searches",1 month
landscape gardeners near me uk,Transactional,46,140,45,0,"People also ask, Local pack, Find results on, Related searches",1 month
landscape gardeners nottingham,Commercial,46,170,33,1.93,"Video, People also ask, Local pack, Related searches",1 month
landscape gardeners stafford,Commercial,46,140,10,1.73,"Image, Video, People also ask, Local pack, Discussions and forums, Find results on, Related searches",1 month
landscape gardeners swindon,Commercial,46,110,9,2.2,"People also ask, Local pack, Related searches",1 month
landscapers bournemouth,Commercial,46,170,38,4.91,"People also ask, Local pack, Related searches",1 month
landscapers bromley,Commercial,46,170,23,4.71,"Image, People also ask, Local pack, Find results on, Related searches",1 month
fencing glasgow,Commercial,100,390,16,1.52,"Image, Video, People also ask, Local pack, Related searches",1 month
glasgow fencing,Commercial,86,170,21,1.79,"Video, Local pack, Related searches",1 month
garden fencing glasgow,Commercial,81,170,8,0,"Video, People also ask, Local pack, Related searches",1 month
fence panels glasgow,Commercial,71,210,13,0.57,"Video, People also ask, Local pack, Related searches, Popular products",1 month
glasgow fence panels,Commercial,70,90,10,0.57,"Video, Local pack, Related searches, Popular products",1 month
fencing suppliers glasgow,Commercial,67,90,17,0.9,"Video, Local pack, Related searches",1 month
fencing supplies glasgow,Commercial,63,170,16,0.9,"Video, Local pack, Related searches",1 month
composite fencing glasgow,Commercial,57,140,9,1.4,"Reviews, Video, Local pack, Related searches",1 month
fencing falkirk,Commercial,56,110,8,1.72,"Image, People also ask, Local pack, Related searches",1 month
decking glasgow,Commercial,55,170,10,1.36,"People also ask, Local pack, Find results on, Related searches",1 month
fencing edinburgh,Commercial,54,260,22,1.67,"Image, Video, People also ask, Related searches",1 month
scotia fencing kilsyth,Navigational,54,210,29,3.38,"Sitelinks, Image, Knowledge panel, Related searches",1 month
garden fencing edinburgh,Commercial,53,140,16,1.24,"Reviews, Image, Video, People also ask, Local pack, Related searches",1 month
airdrie fencing,Navigational,52,90,26,0,"Sitelinks, Image, Video, People also ask, Knowledge panel, Related searches",1 month
edinburgh fencing,Commercial,52,140,11,1.95,"Image, Video, Local pack, Find results on, Related searches",1 month
fencing kilmarnock,Commercial,52,90,13,1.94,"Reviews, Video, People also ask, Local pack, Related searches, Ads top, Ads bottom",1 month
fencing companies edinburgh,Commercial,51,110,23,2.89,"Image, People also ask, Local pack, Discussions and forums, Find results on, Related searches",1 month
paving glasgow,Commercial,51,110,13,0.48,"Image, Video, Local pack, Find results on, Related searches",1 month
fencing cardiff,Commercial,50,260,22,3.93,"Image, People also ask, Local pack, Related searches",1 month
patios glasgow,Commercial,50,170,7,2.5,"Image, Image pack, Video, People also ask, Local pack, Related searches",1 month
cardiff fencing,Commercial,49,110,14,3.34,"Reviews, Local pack, Related searches",1 month
fencing bristol uk,Commercial,49,320,16,2.06,"Video, People also ask, Local pack, Related searches",1 month
fencing in bristol,Commercial,49,140,21,3.19,"Image, Video, People also ask, Local pack, Related searches",1 month
fencing manchester,Commercial,49,480,44,1.82,"Image, Video, People also ask, Local pack, Related searches, Ads bottom",1 month
composite fencing scotland,Commercial,48,110,6,1.99,"Video, Local pack, Related searches",1 month
coventry fencing scotland,,48,0,,0,,
fencing clacton,Commercial,48,140,21,2.28,"Video, People also ask, Local pack, Related searches, Ads bottom",1 month
fencing huddersfield,Commercial,48,170,19,2.34,"People also ask, Local pack, Related searches",1 month
fencing in manchester,Commercial,48,110,41,1.82,"Image, Video, People also ask, Local pack, Find results on, Related searches",1 month
fencing in nottingham,Commercial,48,260,43,2.36,"Image, Video, People also ask, Local pack, Discussions and forums, Related searches",1 month
fencing ipswich,Commercial,48,210,14,1.98,"Image, Video, People also ask, Local pack, Related searches",1 month
fencing nottingham,Commercial,48,590,39,2.36,"Video, Local pack, Related searches",1 month
fencing wolverhampton,Commercial,48,320,20,2.21,"Local pack, Related searches",1 month
fencing bolton,Commercial,47,170,11,2.09,"Image, Video, Local pack, Find results on, Related searches",1 month
fencing bradford,Commercial,47,260,31,1.14,"Reviews, Image, Video, People also ask, Local pack, Related searches",1 month
fencing bradford west yorkshire,Commercial,47,170,27,1.81,"Video, People also ask, Local pack, Related searches",1 month
fencing bristol,Commercial,47,480,28,3.19,"Image, People also ask, Local pack, Find results on, Related searches",1 month
fencing cambridge,Commercial,47,170,15,3.46,"Image, Video, Local pack, Find results on, Related searches",1 month
fencing companies bristol,Commercial,47,140,24,2.49,"Video, People also ask, Local pack, Related searches",1 month
fencing gloucester,Commercial,47,170,29,2.59,"People also ask, Knowledge panel, Related searches",1 month
fencing leeds west yorkshire,Commercial,47,140,40,1.99,"Local pack, Related searches",1 month
fencing manchester uk,Commercial,47,260,37,1.36,"Reviews, Video, People also ask, Local pack, Related searches",1 month
fencing preston,Commercial,47,170,36,1.22,"Image, Video, People also ask, Local pack, Related searches",1 month
fencing stockport,Commercial,47,170,22,1.5,"People also ask, Local pack, Related searches",1 month
fencing taunton,Commercial,47,110,32,4.51,"People also ask, Local pack, Related searches",1 month
fencing wakefield,Informational,47,170,29,1.27,"Image, People also ask, Knowledge panel, Related searches",1 month
fencing warrington,Commercial,47,260,9,1.83,"Video, People also ask, Local pack, Related searches",1 month
gardeners glasgow,Commercial,47,140,14,1.44,"Video, People also ask, Local pack, Related searches",1 month
nottingham fencing,Navigational,47,390,46,1.23,"Sitelinks, Reviews, Local pack, Related searches",1 month
stockport fencing,Navigational,47,720,22,0.6,"People also ask, Knowledge panel, Related searches",1 month
bristol fencing,Commercial,46,260,19,3.19,"Local pack, Related searches",1 month
decking edinburgh,Commercial,46,210,9,2.29,"Video, People also ask, Local pack, Related searches",1 month
fences nottingham,Commercial,46,110,31,2.36,"Video, People also ask, Local pack, Related searches",1 month
fencing ayrshire,Commercial,46,110,14,1.35,"Video, People also ask, Local pack, Related searches",1 month
fencing bedford uk,Commercial,46,110,24,2.78,"Image, Local pack, Related searches",1 month
fencing cheltenham,Commercial,46,260,16,2.17,"Sitelinks, People also ask, Local pack, Related searches",1 month
fencing contractors cardiff,Commercial,46,140,23,3.16,"Reviews, People also ask, Local pack, Related searches",1 month
fencing in sheffield,Commercial,46,110,31,1.31,"People also ask, Local pack, Discussions and forums, Related searches",1 month
fencing leeds,Commercial,46,590,37,1.79,"Reviews, Image, Video, People also ask, Local pack, Related searches",1 month
fencing northampton,Commercial,46,260,33,3.05,"Image, People also ask, Local pack, Related searches",1 month
fencing norwich,Commercial,46,390,9,1.66,"Video, People also ask, Local pack, Related searches",1 month
fencing supplies edinburgh,Commercial,46,140,14,0.49,"Reviews, People also ask, Local pack, Related searches",1 month
garden fencing bristol,Commercial,46,210,29,2.19,"Reviews, Image, Video, People also ask, Local pack, Related searches, Popular products",1 month
garden fencing in cardiff,,46,20,,2.21,,
glasgow builders,Commercial,46,170,16,2.77,"Image, Video, Local pack, Related searches",1 month
handsworth fencing,Navigational,46,90,20,0.86,"Sitelinks, Reviews, Local pack, Related searches",1 month
manchester fencing,Commercial,46,210,29,1.82,"Video, People also ask, Local pack",1 month
norwich fencing,Commercial,46,260,12,2.3,"Image, Video, People also ask, Local pack, Related searches",1 month
sheffield fencing,Commercial,46,210,32,1.31,"Local pack, Related searches",1 month
taunton fencing,Navigational,46,140,22,1.97,"Sitelinks, People also ask, Knowledge panel, Related searches",1 month
warrington fencing,Navigational,46,590,24,1.83,"Sitelinks, Knowledge panel, Related searches",1 month
ainsley fencing,Navigational,45,140,28,1.93,"Sitelinks, People also ask, Knowledge panel, Related searches",1 month
ainsley fencing nottingham,Navigational,45,140,31,0.84,"Reviews, Video, People also ask, Knowledge panel, Related searches",1 month
cambridge fencing,Commercial,45,170,11,3.46,"Video, Local pack, Find results on, Related searches",1 month
cheltenham fencing cheltenham,Navigational,45,480,21,2.17,"Sitelinks, Knowledge panel, Related searches",1 month
clacton fencing,Commercial,45,210,11,1.94,"Video, People also ask, Local pack, Related searches, Ads top, Ads middle",1 month
driveway glasgow,Commercial,45,170,13,2.45,"Reviews, Image, Video, People also ask, Local pack, Related searches",1 month
driveways glasgow,Commercial,45,480,16,2.17,"Image, People also ask, Local pack, Related searches",1 month
fences ipswich,,45,70,,0.82,,
fences sheffield,Commercial,45,110,28,2.39,"People also ask, Local pack, Related searches",1 month
fencing bedford,Commercial,45,210,16,2.78,"People also ask, Local pack, Related searches",1 month
fencing chichester,Commercial,45,210,14,2.34,"Image, Local pack, Related searches",1 month
fencing close to me,Commercial,45,170,39,2.74,"Video, People also ask, Local pack, Related searches",1 month
fencing companies nottingham,Commercial,45,90,44,3.99,"Video, People also ask, Local pack, Related searches",1 month
fencing companies sheffield,Commercial,45,140,39,2.46,"Image, People also ask, Local pack, Find results on, Related searches",1 month
fencing doncaster,Commercial,45,260,6,2.1,"People also ask, Local pack, Related searches",1 month
fencing harlow,Navigational,45,110,27,2.29,"Sitelinks, People also ask, Local pack, Knowledge panel, Related searches",1 month
fencing horsham,,45,70,,1.44,,
fencing in scunthorpe,Commercial,45,90,10,2.92,"Video, People also ask, Local pack, Related searches",1 month
fencing northampton uk,Commercial,45,170,16,2.55,"Local pack, Related searches",1 month
fencing quote,Informational,45,210,26,3.95,"Sitelinks, Image pack, Video, People also ask, Related searches",1 month
fencing rochdale,,45,0,,0,,
fencing scunthorpe,Commercial,45,140,26,2.92,"Video, People also ask, Local pack, Related searches",1 month
fencing york,Commercial,45,260,28,1.43,"Image, Video, Local pack, Related searches",1 month
garden fencing cardiff,Commercial,45,170,4,5.91,"Local pack, Related searches",1 month
gardener glasgow,Navigational,45,260,30,1.44,"Sitelinks, Reviews, Image, People also ask, Local pack, Related searches, Ads middle",1 month
how much is fencing,Informational,45,170,34,0.91,"Sitelinks, Video, People also ask, Related searches",1 month
landscape gardeners glasgow,Commercial,45,320,28,1.57,"Reviews, Video, People also ask, Local pack",1 month
nottingham fencing companies,Commercial,45,110,44,1.76,"Reviews, People also ask, Local pack, Related searches",1 month
roughcasting glasgow,Commercial,45,140,5,3.64,"Image, Video, People also ask, Local pack, Find results on, Related searches",1 month
artificial grass glasgow,Commercial,100,880,8,1.01,"Image, Video, People also ask, Local pack, Related searches, Popular products",1 month
artificial lawn glasgow,Commercial,89,170,13,1.01,"Reviews, Video, People also ask, Local pack, Related searches, Popular products",1 month
synthetic grass glasgow,Commercial,89,260,9,1.01,"Reviews, Video, People also ask, Local pack, Related searches",1 month
artificial turf glasgow,Commercial,87,170,9,1.01,"Reviews, Video, People also ask, Local pack, Related searches",1 month
artificial grass installation glasgow,Commercial,83,140,18,1.6,"People also ask, Local pack, Related searches",1 month
astro grass glasgow,Commercial,82,140,14,1.01,"Video, People also ask, Local pack, Related searches",1 month
artificial grass scotland,Commercial,75,390,28,1.09,"Video, People also ask, Local pack, Find results on, Related searches",1 month
artificial grass edinburgh,Commercial,72,480,12,1.25,"Image, Video, People also ask, Local pack, Related searches, Popular products",1 month
artificial lawn scotland,Commercial,70,140,30,1.51,"Video, People also ask, Local pack, Related searches, Popular products",1 month
artificial lawn edinburgh,Commercial,69,170,13,1.25,"Video, People also ask, Local pack, Related searches, Popular products",1 month
artificial turf edinburgh,Commercial,67,140,16,1.25,"Image, Local pack, Find results on, Related searches",1 month
synthetic grass scotland,Commercial,66,140,32,1.51,"Video, Local pack, Related searches, Popular products",1 month
artificial turf scotland,Navigational,65,140,28,1.09,"Sitelinks, Video, People also ask, Knowledge panel, Related searches",1 month
artificial grass for gyms in scotland,Commercial,63,260,,0,"Video, People also ask, Related searches",1 month
artificial grass east kilbride,Commercial,62,480,5,0.93,"Reviews, Video, People also ask, Local pack, Related searches",1 month
artificial grass motherwell,Commercial,60,260,8,0,"Image, Video, Local pack, Related searches",1 month
grass direct glasgow,Navigational,59,90,25,0.65,"People also ask, Knowledge panel, Related searches",1 month
artificial grass aberdeen,Commercial,58,480,5,1.07,"Image, Video, People also ask, Local pack, Find results on, Related searches",1 month
artificial grass fife,Commercial,58,210,10,0,"Video, People also ask, Local pack, Related searches, Popular products",1 month
artificial grass livingston,Informational,58,260,9,0.96,"Reviews, Video, People also ask, Knowledge panel, Related searches, Popular products",1 month
artificial grass stirling,Commercial,56,320,6,0,"Video, Local pack, Find results on, Related searches",1 month
artificial grass airdrie,Commercial,55,260,7,0,"Video, Knowledge panel, Related searches, Popular products",1 month
artificial grass ayr,Commercial,55,260,5,0.62,"People also ask, Local pack, Find results on, Related searches",1 month
artificial grass birmingham uk,Commercial,55,140,15,1,"Video, People also ask, Local pack, Related searches, Popular products",1 month
artificial grass bristol,Commercial,55,320,13,2.91,"Image, People also ask, Local pack, Related searches, Popular products, Ads bottom",1 month
artificial grass cleaning glasgow,Commercial,55,210,4,0,"Video, People also ask, Local pack, Discussions and forums, Related searches",1 month
artificial grass greater manchester,Commercial,55,260,35,2.1,"Image, Video, Local pack, Find results on, Related searches",1 month
artificial grass in uk,Commercial,55,90,51,1.77,"Video, People also ask, Local pack, Related searches",1 month
artificial grass manchester,Commercial,55,720,24,2.1,"Image, Video, Local pack, Related searches, Popular products",1 month
artificial grass newcastle,Commercial,55,480,10,1.25,"Reviews, Video, People also ask, Local pack, Related searches, Popular products",1 month
artificial grass uk,Commercial,55,720,53,1.44,"Video, People also ask, Related searches, Popular products",1 month
london artificial grass,Commercial,55,140,7,4.15,"Video, People also ask, Local pack, Find results on, Related searches",1 month
artificial grass birmingham,Commercial,54,390,13,1,"Video, Local pack, Related searches, Popular products",1 month
artificial grass kent uk,Commercial,54,140,29,6.57,"Image, Local pack, Related searches",1 month
artificial grass sale uk,Transactional,54,140,50,1.37,"Image, Video, People also ask, Local pack, Related searches",1 month
artificial lawn uk,Commercial,54,170,51,1.44,"Video, Video carousel, People also ask, Knowledge panel, Related searches, Popular products",1 month
artificialgrass,Commercial,54,170,38,1.33,"Video, Short videos, People also ask, Local pack, Related searches, Popular products, Ads bottom",1 month
buy artificial grass online,Transactional,54,210,37,1.52,"Video, Related searches",1 month
synthetic grass uk,Commercial,54,260,51,1.44,"Reviews, Video, People also ask, Related searches, Popular products",1 month
artificial grass artificial turf,Commercial,53,260,45,0,"Video, Video carousel, People also ask, Local pack, Find results on, Related searches",1 month
artificial grass bristol uk,Commercial,53,170,12,2.91,"Local pack, Related searches, Popular products",1 month
artificial grass london,Commercial,53,1000,19,2.65,"Reviews, Image, Video, People also ask, Local pack, Related searches, Popular products",1 month
artificial grass manufacturers uk,Commercial,53,140,56,2.16,"Video, People also ask, Local pack, Related searches",1 month
artificial grass nottingham,Commercial,53,390,10,1.69,"Image, Video, Local pack, Find results on, Related searches",1 month
artificial grass online,Commercial,53,390,47,1.35,"Video, Related searches, Popular products, Ads bottom",1 month
artificial grass suppliers,Commercial,53,880,59,2.81,"Image, Video, People also ask, Local pack, Related searches, Popular products",1 month
artificial lawn newcastle,Commercial,53,140,9,0.93,"Video, People also ask, Local pack, Related searches, Popular products",1 month
artificial turf manchester,Commercial,53,260,36,2.1,"Image, Video, People also ask, Local pack, Find results on, Related searches",1 month
bristol artificial grass,Informational,53,140,18,2.91,"People also ask, Knowledge panel, Related searches, Popular products",1 month
free fake grass,Informational,53,140,10,1.1,"Sitelinks, Video, People also ask, Related searches",1 month
london fake grass,Commercial,53,320,8,2.65,"Reviews, Video, People also ask, Related searches, Popular products",1 month
synthetic grass newcastle,Commercial,53,140,6,1.25,"Video, People also ask, Local pack, Related searches, Popular products",1 month
synthetic grass suppliers,Commercial,53,210,57,1.34,"Image, Video, People also ask, Local pack, Related searches, Popular products",1 month
what artificial grass,Informational,53,110,31,0,"AI Overview, Image pack, Video, Video carousel, People also ask, Related searches",1 month
where to buy synthetic grass,Transactional,53,140,49,1.23,"Video, People also ask, Local pack, Related searches, Popular products",1 month
artificial grass - w,,52,0,,0,,
artificial grass 5m wide,Commercial,52,210,9,1.53,"People also ask, Related searches, Popular products",1 month
artificial grass artificial grass,Commercial,52,1600,42,0.58,"Video, Video carousel, People also ask, Local pack, Related searches, Popular products",1 month
artificial grass cardiff,Informational,52,210,15,1.21,"Image, People also ask, Knowledge panel, Related searches, Popular products, Ads bottom",1 month
artificial grass coventry,Commercial,52,320,7,1.22,"Reviews, Image, Video, People also ask, Knowledge panel, Related searches, Popular products",1 month
artificial grass fitters near me,Transactional,52,880,37,2.39,"People also ask, Local pack, Related searches",1 month
artificial grass for play area,Informational,52,170,7,2.82,"Sitelinks, AI Overview, Image, Video, People also ask, Related searches",1 month
artificial grass for sale,Transactional,52,720,44,0.91,"Image, Video, People also ask, Local pack, Related searches",1 month
artificial grass garden,"Informational, Transactional",52,480,37,1.14,"Sitelinks, Image pack, Video, Video carousel, People also ask, Local pack, Related searches, Popular products",1 month
artificial grass green,Informational,52,170,12,1.01,"Image, Image pack, Video, People also ask, Related searches, Popular products",1 month
artificial grass lancashire,Commercial,52,140,16,0,"Video, Local pack, Find results on, Related searches",1 month
artificial grass layers,Informational,52,320,16,2.64,"AI Overview, Image pack, Video, Video carousel, People also ask, Local pack, Related searches",1 month
artificial grass leicester,"Informational, Transactional",52,480,15,1.05,"Image, Image pack, Video, People also ask, Knowledge panel, Related searches",1 month
artificial grass manchester uk,Commercial,52,260,41,1.59,"Reviews, Video, Local pack, Related searches, Popular products",1 month
artificial grass nottinghamshire,Commercial,52,210,8,1.32,"Reviews, Video, People also ask, Local pack, Related searches, Popular products",1 month
artificial grass offcuts near me,Transactional,52,110,8,0.64,"People also ask, Local pack, Related searches, Popular products",1 month
artificial grass reviews,"Informational, Commercial",52,170,21,0.88,"Sitelinks, AI Overview, Video, Video carousel, People also ask, Related searches, Popular products",1 month
artificial grass sample,Informational,52,210,11,1.91,"Image, Image pack, Video, Related searches, Popular products",1 month
artificial grass synthetic lawn,Commercial,52,140,46,1.34,"Video, Video carousel, People also ask, Local pack, Related searches, Popular products",1 month
artificial grass type,Informational,52,110,28,0.82,"Sitelinks, AI Overview, Image, Video, Video carousel, Short videos, People also ask, Related searches, Popular products",1 month
artificial grass where to buy,Transactional,52,140,47,1.09,"Reviews, Video, People also ask, Local pack, Related searches, Popular products",1 month
artificial turf grass suppliers,Commercial,52,170,53,2.36,"Image, Video, Local pack, Related searches, Ads bottom",1 month
best artificial lawn uk,Commercial,52,90,22,1.18,"AI Overview, People also ask, Related searches, Popular products",1 month
decking glasgow,Commercial,52,170,10,1.36,"People also ask, Local pack, Find results on, Related searches",1 month
fake grass uk,Commercial,52,390,39,1.82,"Video, Video carousel, People also ask, Related searches",1 month
grass artificial,Commercial,52,390,53,1.42,"Image pack, Video, People also ask, Local pack, Related searches, Popular products",1 month
grass artificial grass,Commercial,52,110,55,1.34,"Image pack, Local pack, Related searches, Popular products",1 month
green artificial grass,Informational,52,140,16,1.01,"Image, Image pack, Video, Video carousel, People also ask, Related searches",1 month
high quality artificial grass,"Informational, Commercial",52,210,52,1.07,"AI Overview, Video, Video carousel, People also ask, Local pack, Related searches, Popular products",1 month
imitation grass uk,Commercial,52,260,41,1.44,"Reviews, Video, People also ask, Related searches, Popular products",1 month
plastic grass uk,Commercial,52,260,54,1.44,"Video, People also ask, Related searches, Popular products",1 month
quality artificial grass,"Informational, Commercial",52,260,52,1.84,"AI Overview, Video, Video carousel, People also ask, Local pack, Related searches, Popular products",1 month
suppliers artificial grass,Commercial,52,210,53,2.81,"Video, Local pack, Related searches",1 month
where can you buy artificial grass,Transactional,52,320,43,1.23,"Image, Video, People also ask, Local pack, Related searches",1 month
artificial golf grass,Commercial,51,320,10,0.96,"Video, Video carousel, Local pack, Related searches, Popular products",1 month
artificial grass best,Commercial,51,140,14,1.54,"Sitelinks, AI Overview, Video, Video carousel, People also ask, Discussions and forums, Related searches, Popular products",1 month
artificial grass companies,Commercial,51,140,54,1.84,"Video, People also ask, Local pack, Related searches",1 month
artificial grass derbyshire,Commercial,51,110,18,1.69,"Video, People also ask, Local pack, Find results on, Related searches",1 month
artificial grass durham,Commercial,51,260,8,0,"Video, People also ask, Local pack, Related searches",1 month
artificial grass east london,Informational,51,110,11,0,"People also ask, Knowledge panel, Related searches",1 month
artificial grass essex,Commercial,51,590,9,3.6,"Local pack, Find results on, Related searches",1 month
artificial grass essex uk,Commercial,51,140,23,2.55,"Reviews, Video, Local pack, Related searches, Popular products",1 month
artificial grass fitting,Commercial,51,210,23,3.8,"Image pack, Video, Video carousel, People also ask, Local pack, Related searches, Popular products",1 month
artificial grass for gardens,Commercial,51,260,49,1.57,"Video, Video carousel, People also ask, Local pack, Related searches, Popular products",1 month
artificial grass in a backyard,,51,10,,0,,
house extensions glasgow,Commercial,100,170,7,2.85,"Video, People also ask, Local pack, Discussions and forums, Related searches",1 month
home extensions glasgow,Commercial,85,140,9,3.2,"Video, People also ask, Local pack, Discussions and forums, Find results on, Related searches",1 month
home extensions scotland,Commercial,60,260,12,2.05,"Reviews, Video, People also ask, Local pack",1 month
builders in glasgow,Commercial,58,320,20,2.77,"Video, People also ask, Local pack, Related searches",1 month
garage conversions glasgow,Commercial,58,210,5,2.89,"Image, Video, People also ask, Local pack, Related searches, Ads middle",1 month
loft conversion glasgow,Commercial,58,260,6,1.49,"Sitelinks, Video, People also ask, Local pack, Discussions and forums, Related searches",1 month
garage conversion glasgow,Commercial,57,260,7,2.89,"Video, People also ask, Local pack, Related searches",1 month
builders glasgow,Commercial,56,720,21,2.77,"Video, People also ask, Local pack, Related searches",1 month
builder glasgow,Commercial,54,260,21,2.8,"Image, Video, Local pack, Discussions and forums, Find results on, Related searches",1 month
building companies in glasgow,Commercial,54,170,14,2.8,"Video, People also ask, Local pack, Related searches",1 month
glasgow builders,Commercial,54,170,16,2.77,"Image, Video, Local pack, Related searches",1 month
home improvements glasgow,Commercial,54,170,19,2.58,"Reviews, Image, Video, Local pack, Related searches",1 month
house extensions edinburgh,Commercial,53,260,5,3.26,"Video, People also ask, Local pack, Related searches",1 month
glasgow bathroom fitters,Commercial,52,110,19,3.28,"Sitelinks, Reviews, Video, People also ask, Local pack, Discussions and forums, Related searches",1 month
bathroom fitters glasgow,Commercial,51,880,29,3.28,"Sitelinks, Video, People also ask, Local pack, Discussions and forums, Related searches",1 month
bathroom fitters glasgow glasgow,Commercial,51,260,28,3.28,"Sitelinks, Video, Local pack, Discussions and forums, Related searches",1 month
building contractors in glasgow,Commercial,51,260,11,2.77,"Video, Local pack, Related searches",1 month
home extensions edinburgh,Commercial,51,170,9,3.82,"Image, Video, People also ask, Local pack, Discussions and forums, Related searches, Ads bottom",1 month
house extension edinburgh,Commercial,51,260,16,3.26,"Video, People also ask, Local pack, Discussions and forums, Find results on, Related searches",1 month
kitchen fitters glasgow,Commercial,51,390,18,4.02,"Sitelinks, Image, People also ask, Local pack, Discussions and forums, Find results on, Related searches",1 month
bathroom installers glasgow,Commercial,49,140,25,3.28,"Sitelinks, Reviews, Video, People also ask, Local pack, Discussions and forums, Related searches",1 month
glasgow building companies,Commercial,49,210,11,2.77,"Video, People also ask, Local pack, Related searches",1 month
house extensions sheffield,Commercial,49,260,6,4.29,"Reviews, Video, People also ask, Local pack",1 month
bathroom fitter glasgow,Commercial,48,140,28,4.33,"Sitelinks, Image, Video, People also ask, Local pack, Discussions and forums, Related searches, Ads bottom",1 month
bathroom installations glasgow,Commercial,48,110,34,2.68,"Image, Video, People also ask, Local pack, Discussions and forums, Find results on, Related searches",1 month
construction companies in glasgow scotland,Commercial,48,320,25,2.09,"Image, Video, Local pack, Find results on, Related searches",1 month
construction firms glasgow,Commercial,48,170,26,2.47,"Video, People also ask, Local pack, Related searches",1 month
home extensions near me,Transactional,48,210,12,4.53,"Video, People also ask, Local pack, Find results on, Related searches",1 month
home extensions sheffield,Commercial,48,260,5,4.29,"Reviews, Video, Local pack, Related searches",1 month
house extensions birmingham uk,Commercial,48,260,7,6.84,"Image, Local pack, Find results on, Related searches",1 month
house extensions london,Commercial,48,880,28,5.74,"Image pack, Video, People also ask, Local pack, Related searches",1 month
house extensions near me,Transactional,48,720,17,5.27,"Video, People also ask, Local pack, Related searches",1 month
joinery companies glasgow,Commercial,48,110,17,3.22,"Video, People also ask, Local pack, Related searches",1 month
kitchen fitter glasgow,Commercial,48,90,10,4.02,"Sitelinks, People also ask, Local pack, Discussions and forums, Related searches",1 month
kitchen installers glasgow,Commercial,48,210,19,3.57,"Sitelinks, People also ask, Local pack, Discussions and forums, Related searches",1 month
kitchen renovation glasgow,Commercial,48,170,43,4.37,"Sitelinks, Image, Video, People also ask, Local pack, Find results on, Related searches",1 month
attic conversion scotland,Commercial,47,90,8,1.41,"Sitelinks, AI Overview, Video, People also ask, Local pack, Related searches",1 month
building extensions near me,Transactional,47,170,12,5.04,"Video, People also ask, Local pack, Find results on, Related searches",1 month
fitted kitchens edinburgh,Commercial,47,210,20,4.6,"Sitelinks, Video, People also ask, Local pack, Related searches",1 month
home rewire glasgow,Informational,47,110,32,2.5,"Video, People also ask, Knowledge panel, Related searches",1 month
house extensions birmingham,Commercial,47,720,8,6.84,"Video, People also ask, Local pack, Find results on, Related searches",1 month
kitchen upgrades glasgow,Commercial,47,110,17,0,"Video, People also ask, Local pack, Discussions and forums, Find results on, Related searches",1 month
bathroom installation glasgow,Commercial,46,590,28,2.68,"Sitelinks, Video, Local pack, Discussions and forums, Related searches",1 month
fitted bathrooms glasgow,Commercial,46,110,40,2.68,"Video, People also ask, Local pack, Find results on, Related searches",1 month
garage conversion scotland,,46,0,,0,,
joiners in glasgow,Commercial,46,590,17,2.29,"Reviews, Video, People also ask, Local pack, Related searches",1 month
loft conversion scotland,Commercial,46,90,18,1.46,"Sitelinks, Reviews, Video, People also ask, Local pack, Related searches",1 month
bathroom fitters dunfermline,Commercial,45,140,9,2.48,"Sitelinks, Video, People also ask, Local pack, Discussions and forums, Related searches",1 month
builders edinburgh,Commercial,45,480,9,3.1,"Video, People also ask, Local pack, Related searches",1 month
builders in edinburgh,Commercial,45,170,12,3.09,"Video, People also ask, Local pack, Related searches",1 month
edinburgh kitchen installers,Commercial,45,260,17,4.14,"Sitelinks, Reviews, Video, Local pack, Related searches",1 month
electricians glasgow,Commercial,45,390,16,1.76,"People also ask, Local pack, Related searches",1 month
glasgow joiners,Commercial,45,390,18,2.18,"Video, People also ask, Local pack, Related searches",1 month
glaziers glasgow,Commercial,45,260,22,4.63,"People also ask, Local pack, Related searches",1 month
home extension builder,Commercial,45,210,10,6.14,"Reviews, Video, Video carousel, People also ask, Local pack, Related searches, Ads bottom",1 month
house extension builders birmingham,Commercial,45,110,6,0,"Video, People also ask, Local pack, Related searches",1 month
joiner glasgow,Commercial,45,320,17,2.18,"Video, People also ask, Local pack, Related searches",1 month
kitchen installers edinburgh,Commercial,45,170,11,4.14,"Sitelinks, Video, People also ask, Local pack, Related searches",1 month
tilers glasgow,Commercial,45,170,17,2.45,"Reviews, Video, People also ask, Local pack, Related searches",1 month
window repairs glasgow,Commercial,45,140,23,2.15,"Video, People also ask, Local pack, Related searches",1 month
attic conversion edinburgh,Commercial,44,210,10,2.44,"Reviews, Video, Video carousel, People also ask, Local pack, Discussions and forums, Related searches",1 month
building companies in edinburgh,Commercial,44,210,15,3.59,"Video, People also ask, Local pack, Related searches",1 month
building contractors scotland,Commercial,44,170,39,2.28,"Video, Local pack, Related searches",1 month
carpenter glasgow,Commercial,44,140,16,2.22,"Image, Video, People also ask, Local pack, Discussions and forums, Find results on, Related searches",1 month
centiam home improvements glasgow,Navigational,44,90,19,1.84,"Reviews, Video, Knowledge panel, Related searches",1 month
double glazing dundee,Commercial,44,480,17,7.31,"Image, Video, People also ask, Local pack, Find results on, Related searches",1 month
edinburgh builders,Commercial,44,320,11,3.09,"Reviews, Video, People also ask, Local pack, Related searches",1 month
edinburgh building contractors,Commercial,44,170,9,3.04,"Reviews, Video, People also ask, Local pack, Related searches",1 month
edinburgh roofing services,Commercial,44,480,15,3.24,"Video, People also ask, Local pack, Related searches",1 month
electrician glasgow,Commercial,44,1000,16,3.03,"Video, People also ask, Local pack, Related searches",1 month
garage conversion edinburgh,Informational,44,260,9,32.58,"Reviews, Video, Short videos, People also ask, Local pack, Related searches, Ads top, Ads bottom",1 month
glasgow electricians,Commercial,44,590,32,3.03,"Image, Video, People also ask, Local pack, Related searches",1 month
home extension builders,Commercial,44,480,23,6.14,"Reviews, Video, People also ask, Local pack, Related searches, Ads middle",1 month
home extension builders near me,Transactional,44,170,4,5.11,"Video, People also ask, Local pack, Discussions and forums, Find results on, Related searches",1 month
house extension builders near me,Transactional,44,260,23,5.1,"AI Overview, Video, People also ask, Local pack, Related searches, Ads middle",1 month
joiners glasgow,Commercial,44,720,18,2.29,"Video, People also ask, Local pack, Related searches",1 month
kitchen fitters edinburgh,Commercial,44,480,15,4.14,"Sitelinks, Reviews, Video, People also ask, Local pack, Discussions and forums, Related searches",1 month
kitchen fitters falkirk,Commercial,44,90,10,2.86,"People also ask, Local pack, Related searches",1 month
kitchens falkirk,Commercial,44,110,14,3.7,"Reviews, Video, People also ask, Local pack, Related searches",1 month
loft conversion edinburgh,Commercial,44,170,8,2.56,"Video, People also ask, Local pack, Related searches",1 month
roofing and building edinburgh,Informational,44,110,34,2.73,"Image, Video, People also ask, Knowledge panel, Related searches",1 month
scotland double glazing,Commercial,44,110,41,7.57,"Image, Video, People also ask, Local pack, Find results on, Related searches",1 month
the bathroom company edinburgh,Navigational,44,110,29,2.19,"Video, People also ask, Knowledge panel, Related searches",1 month
window advice centre glasgow,Navigational,44,90,36,3.56,"Sitelinks, People also ask, Knowledge panel, Related searches",1 month
bathroom fitters dundee,Commercial,43,320,13,2.76,"Image, People also ask, Local pack, Discussions and forums, Find results on, Related searches",1 month
bathroom fitters falkirk,Commercial,43,210,10,2.36,"Image, Video, People also ask, Local pack, Find results on, Related searches",1 month
bathroom installation edinburgh,Commercial,43,390,6,3.94,"Reviews, Video, People also ask, Local pack, Discussions and forums, Related searches",1 month
bathroom installers in edinburgh,Commercial,43,140,28,3.63,"Sitelinks, Video, People also ask, Local pack, Discussions and forums, Related searches",1 month
builder edinburgh,Commercial,43,170,16,3.09,"Reviews, Video, Local pack, Related searches",1 month
builders ayrshire,Commercial,43,140,18,1.55,"Video, People also ask, Local pack, Related searches",1 month
builders dundee,Commercial,43,140,18,3.33,"Image, Video, People also ask, Local pack, Find results on, Related searches",1 month
builders dunfermline,Commercial,43,110,9,2.16,"Image, Video, Local pack, Discussions and forums, Find results on, Related searches",1 month
carpet fitters edinburgh,Commercial,43,170,20,2.34,"Sitelinks, Video, People also ask, Local pack, Discussions and forums, Related searches",1 month
cctv installation glasgow,Commercial,43,140,12,3.93,"Reviews, Video, People also ask, Local pack, Related searches",1 month
double glazing kilmarnock,Commercial,43,260,9,4.5,"Image, Video, People also ask, Local pack, Find results on, Related searches",1 month
double glazing paisley,Commercial,43,210,9,7.6,"People also ask, Local pack, Related searches",1 month
edinburgh builder,Commercial,43,110,9,3.09,"Video, Local pack",1 month
edinburgh glaziers,Commercial,43,110,52,3.2,"Reviews, Image, Local pack, Related searches",1 month
edinburgh roof company,Commercial,43,110,34,4.81,"Video, Local pack, Related searches",1 month
electric heating glasgow,Commercial,43,260,9,1.47,"Video, People also ask, Local pack, Related searches",1 month